date,crude_pct_change,crude_lag_2m_pct,gas_pct_change,commodity_pct_change,housing_pct_change,dollar_pct_change,crude_vol_3m,resin_acceleration,crude_acceleration,is_covid,is_post_covid_surge,is_construction_season,is_2026_shock,chem_prod_pct_change
2000-01-01,7.740278796771816,7.740278796771816,9.917355371900838,1.169134840218233,6.173594132029336,0.2111654449470146,1.3741300278115354,0.8497259234178989,-6.140006409982579,0,0,0,0,0.136843337299819
2000-02-01,7.740278796771816,7.740278796771816,9.917355371900838,1.169134840218233,6.173594132029336,0.2111654449470146,1.3741300278115354,0.8497259234178989,-6.140006409982579,0,0,0,0,0.136843337299819
2000-03-01,1.6002723867892366,7.740278796771816,4.8872180451127845,0.7704160246533087,-7.656879677605066,0.2111654449470146,1.3741300278115354,0.8497259234178989,-6.140006409982579,0,0,1,0,0.7442559048100428
2000-04-01,-13.806970509383376,7.740278796771816,8.960573476702516,-0.0764525993883991,1.3715710723191998,0.2111654449470146,2.2552826873808973,0.3580456932489761,-15.407242896172612,0,0,1,0,0.7808149248190066
2000-05-01,11.936236391912905,1.6002723867892366,18.092105263157897,0.6885998469778221,-3.136531365313655,0.2111654449470146,2.1409421602026835,-0.5098398644553637,25.643732000340197,0,0,1,0,0.0256144592183371
2000-06-01,10.52448766932963,-13.806970509383376,19.49860724233985,1.6717325227963764,-1.0158730158730145,0.2111654449470146,3.0500218578451763,-2.303438208464237,-1.4117487225832726,0,0,1,0,-1.1074697380801024
2000-07-01,-6.662476429918296,11.936236391912905,-6.99300699300699,-0.0747384155456054,-6.157793457344452,0.2111654449470146,1.5547454239628258,-1.2185964016796391,-17.186964099247927,0,0,1,0,-0.7213655319561529
2000-08-01,5.252525252525264,10.52448766932963,11.027568922305742,-0.5983545250560884,5.331510594668498,0.2111654449470146,1.0986051762727818,0.8789199701265349,11.91500168244356,0,0,1,0,-0.082742155125437
2000-09-01,8.381317978246972,-6.662476429918296,14.22121896162527,1.3544018058690543,-2.20635950681376,0.2111654449470146,2.1122815468903187,-2.597449286405296,3.1287927257217083,0,0,0,0,0.6697203306560873
2000-10-01,-2.272727272727282,5.252525252525264,-0.7905138339920903,0.5196733481811489,2.786994027869949,0.2111654449470146,1.3465882815471188,1.471935072615138,-10.654045250974256,0,0,0,0,0.2113308697488936
2000-11-01,3.956508607671405,8.381317978246972,9.960159362549792,-0.2954209748892267,0.129115558424786,0.2111654449470146,0.6583565396753965,-0.1565706779105835,6.229235880398687,0,0,0,0,-0.1547719076873233
2000-12-01,-17.373619988378852,-2.272727272727282,39.57722152690853,0.8888888888888724,-1.2250161186331376,0.2111654449470146,3.143389889911849,0.2696992599783954,-21.33012859605026,0,0,0,0,-0.7498223721759012
2001-01-01,4.043600562587901,3.956508607671405,-8.202247191011235,2.7900146842878115,4.438642297650142,0.2111654449470146,3.1731109866081537,1.4448577023745246,21.417220550966757,0,0,0,0,-0.6322620899953946
2001-02-01,0.067590402162887,-17.373619988378852,-31.223174214606278,-1.8571428571428568,1.5625,0.2111654449470146,0.6698009654616656,0.7243680476788139,-3.976010160425014,0,0,0,0,0.0530483616028254
2001-03-01,-7.970280310705846,4.043600562587901,-6.773618538324422,-1.091703056768556,-2.15384615384615,0.2111654449470146,1.3568099842400114,0.4190035810401671,-8.037870712868733,0,0,1,0,-0.4843629653165093
2001-04-01,0.8807339449541152,0.067590402162887,-0.7648183556405397,0.3679175864606421,3.710691823899381,0.2111654449470146,1.29881997726143,-1.1539308991918462,8.851014255659962,0,0,1,0,-0.8963406015208619
2001-05-01,4.1469625318297565,-7.970280310705846,-19.267822736030823,0.2932551319648091,-2.66828380836871,0.2111654449470146,0.737292343646704,-1.763050059158744,3.2662285868756413,0,0,1,0,-0.4288844714896433
2001-06-01,-3.597624869018501,0.8807339449541152,-11.217183770883054,-0.9502923976608236,1.9314641744548224,0.2111654449470146,0.6288349014911486,-0.2345881811280814,-7.744587400848257,0,0,1,0,-1.2604414900916685
2001-07-01,-4.239130434782612,4.1469625318297565,-16.3978494623656,-1.5498154981549828,2.078239608801957,0.2111654449470146,1.1007421738687877,-0.1728290140798116,-0.6415055657641111,0,0,1,0,0.8216345851450368
2001-08-01,3.556564510026483,-3.597624869018501,-4.501607717041789,0.0,-6.167664670658679,0.2111654449470146,0.6198655768256428,-0.9958708450243492,7.795694944809095,0,0,1,0,1.5030936279013307
2001-09-01,-4.274753379612717,-4.239130434782612,-26.262626262626267,-0.0749625187406288,-0.319081046585834,0.2111654449470146,0.6198655768256411,-0.6145344933628172,-7.8313178896392,0,0,0,0,0.7802687471189618
2001-10-01,-15.381679389312964,3.556564510026483,12.328767123287676,-2.2505626406601698,-1.4084507042253502,0.2111654449470146,2.7279357274931115,4.610231103188001,-11.106926009700247,0,0,0,0,1.6213435422662847
2001-11-01,-11.411817771763644,-4.274753379612717,-4.878048780487809,-0.3837298541826572,4.025974025974022,0.2111654449470146,3.308458855721199,-2.507984785265238,3.96986161754932,0,0,0,0,0.0621425231993821
2001-12-01,-1.2729124236252498,-15.381679389312964,-1.7094017094017144,-1.3097072419106404,-2.122347066167296,0.2111654449470146,1.537953185243302,-0.8076819362202614,10.138905348138394,0,0,0,0,0.0011608211261782
2002-01-01,1.7019082001031416,-11.411817771763644,0.8695652173912993,0.3122560499609683,8.290816326530614,0.2111654449470146,0.1721433511157001,0.5992066679672003,2.9748206237283914,0,0,0,0,2.8935657335787144
2002-02-01,5.070993914807298,-1.2729124236252498,0.0,-0.0778210116731514,7.714958775029457,0.2111654449470146,0.6925556536000145,0.9597242620304592,3.3690857147041564,0,0,0,0,-1.3921789536294304
2002-03-01,18.38803088803089,1.7019082001031416,30.60344827586208,1.0903426791277315,-10.224166211044285,0.2111654449470146,2.538116099262079,2.05769464679092,13.317036973223596,0,0,1,0,0.296450879775878
2002-04-01,6.726457399103136,5.070993914807298,13.201320132013205,0.7704160246533087,-3.0450669914738104,0.2111654449470146,2.800303554973999,0.3844755200733019,-11.661573488927758,0,0,1,0,-0.3680669171117867
2002-05-01,3.2849503437738736,18.38803088803089,2.0408163265306145,0.0,10.80402010050252,0.2111654449470146,1.275552168017191,0.2049655561990215,-3.4415070553292626,0,0,1,0,2.2131269477386306
2002-06-01,-5.621301775147924,6.726457399103136,-6.857142857142861,0.0764525993883769,-2.6643990929705264,0.2111654449470146,0.7621898276239066,-0.4327402312599648,-8.906252118921799,0,0,1,0,1.991118243054113
2002-07-01,5.681818181818188,3.2849503437738736,-8.28220858895704,0.2291825821237436,-3.6109493302271423,0.2111654449470146,0.8580792504192315,2.356300441967729,11.303119956966112,0,0,1,0,-0.3177820750419391
2002-08-01,5.265109380793476,-5.621301775147924,3.3444816053511683,0.2286585365853799,-1.329305135951664,0.2111654449470146,1.4350261321662543,-3.1839173118864306,-0.4167088010247122,0,0,1,0,-1.2074572737417189
2002-09-01,4.473406128918622,5.681818181818188,14.886731391585762,0.6083650190114254,10.471524800979791,0.2111654449470146,1.3456968455042393,-0.5930667811077095,-0.7917032518748535,0,0,0,0,0.1512210074588793
2002-10-01,-2.7646662171274428,5.265109380793476,16.338028169014084,0.680272108843516,-8.64745011086474,0.2111654449470146,0.6439202849215101,0.8773519941134733,-7.238072346046065,0,0,0,0,-0.6826204463373231
2002-11-01,-8.633841886269067,4.473406128918622,-2.1791767554479424,-0.0750750750750706,6.371359223300965,0.2111654449470146,1.723784595978683,-1.9656001448236649,-5.869175669141624,0,0,0,0,0.7055222171794329
2002-12-01,11.802656546489557,-2.7646662171274428,17.32673267326732,-0.1502629601803029,1.996577296063884,0.2111654449470146,1.6460356415744444,-0.3725691106721385,20.436498432758626,0,0,0,0,-0.4412120627637517
2003-01-01,11.846571622539038,-8.633841886269067,14.556962025316444,1.8058690744920949,3.635346756152136,0.2111654449470146,3.301822728938277,2.6451626825491625,0.0439150760494833,0,0,0,0,1.424040758730838
2003-02-01,8.740515933232151,11.802656546489557,39.57722152690853,1.6999260901699786,-12.088505126821367,0.2111654449470146,3.189864155937276,1.9484829091598987,-3.1060556893068867,0,0,0,0,0.3411624686387782
2003-03-01,-6.475020932179742,11.846571622539038,-23.086900129701693,2.6162790697674465,5.954573357888271,0.2111654449470146,1.527001418903548,2.147935539317447,-15.215536865411892,0,0,1,0,-0.2924113087671265
2003-04-01,-15.93554162936436,8.740515933232151,-11.298482293423271,-2.741552980959937,-4.80880648899189,0.2111654449470146,3.927968092198997,-3.0942881063183103,-9.460520697184617,0,0,1,0,0.0598470412430662
2003-05-01,-0.212992545260926,-6.475020932179742,10.456273764258553,-0.0730994152046915,6.573341448569692,0.2111654449470146,3.1005160860734264,-2.928610323787695,15.722549084103433,0,0,1,0,-1.564082429437419
2003-06-01,9.07150480256136,-15.93554162936436,0.1721170395869276,0.9509875640087762,6.6247858366647705,0.2111654449470146,1.4552319402762142,-1.577544321320168,9.284497347822285,0,0,1,0,1.2749686406733796
2003-07-01,0.3261578604044413,-0.212992545260926,-13.573883161512024,-0.2173913043478359,1.6068559185859588,0.2111654449470146,1.501943185787472,-0.7823000007036396,-8.745346942156917,0,0,1,0,0.1372009713570987
2003-08-01,2.6332899869961013,9.07150480256136,-0.7952286282306154,0.2178649237472907,-3.3737480231945227,0.2111654449470146,0.4990323970780183,1.9848670711241856,2.30713212659166,0,0,1,0,-0.2330415413088093
2003-09-01,-10.326259106746916,0.3261578604044413,-7.414829659318634,0.3623188405797117,5.782869612656838,0.2111654449470146,1.697360696296878,1.802462941496508,-12.959549093743018,0,0,0,0,0.4513292105791544
2003-10-01,7.170611091487111,2.6332899869961013,0.2164502164502035,0.5776173285198638,1.4440433212996373,0.2111654449470146,1.646278631742944,-0.0081220167208018,17.496870198234028,0,0,0,0,-0.4220682167870082
2003-11-01,2.53790375741596,-10.326259106746916,-3.455723542116629,-0.2871500358937573,5.897305541433662,0.2111654449470146,1.4464784823840569,-1.1707682736053382,-4.632707334071151,0,0,0,0,0.820549936969317
2003-12-01,3.278688524590168,7.170611091487111,37.1364653243848,0.4319654427645814,-1.2481997119539123,0.2111654449470146,0.8979049689880612,-0.960970090017077,0.7407847671742074,0,0,0,0,0.2273287727534212
2004-01-01,6.784936196700908,2.53790375741596,0.1631321370309857,1.362007168458779,-7.097715119105496,0.2111654449470146,1.634666122892834,2.7623456790123457,3.5062476721107405,0,0,0,0,0.2752923101317028
2004-02-01,1.1075488195861238,3.278688524590168,-12.540716612377844,0.4950495049504955,-3.401360544217691,0.2111654449470146,1.3814485151463989,1.3449992400061062,-5.677387377114784,0,0,0,0,0.3944020356233979
2004-03-01,5.909484001153076,6.784936196700908,0.3724394785847185,0.703729767769179,8.234019501625145,0.2111654449470146,1.3071470205503255,-2.207883400762612,4.801935181566952,0,0,1,0,0.483462172094784
2004-04-01,0.0272182906913442,1.1075488195861238,5.936920222634523,1.1879804332634691,0.2502502502502501,0.2111654449470146,1.1864653387268802,1.580813120098945,-5.882265710461732,0,0,1,0,0.3407859426474147
2004-05-01,9.60544217687076,5.909484001153076,10.858143607705784,1.3812154696132506,-1.0983524712930626,0.2111654449470146,2.040939326225472,-1.1475155226499334,9.578223886179416,0,0,1,0,0.6051905798194479
2004-06-01,-5.585898709036741,0.0272182906913442,-0.9478672985782088,0.2724795640326904,-7.7233720343260925,0.2111654449470146,1.7870739585517144,0.8826394564562356,-15.1913408859075,0,0,1,0,-0.5338187853882514
2004-07-01,7.231133315803317,9.60544217687076,-5.4226475279106845,0.1358695652174057,9.518599562363228,0.2111654449470146,1.4648663192707143,-1.0409810468663627,12.817032024840058,0,0,1,0,1.089336932756635
2004-08-01,10.102991662579688,-5.585898709036741,-8.768971332209096,0.407055630936215,1.098901098901095,0.2111654449470146,3.457691908388277,1.4189337403098137,2.871858346776369,0,0,1,0,1.054345848513227
2004-09-01,2.3162583518930857,7.231133315803317,-4.805914972273562,-0.2027027027027061,-5.87944664031621,0.2111654449470146,2.7289069851011454,1.097857023744031,-7.786733310686601,0,0,0,0,0.5873648064146364
2004-10-01,15.97736177622988,10.102991662579688,23.3009708737864,1.5572105619499066,8.766404199475076,0.2111654449470146,4.567668989758408,-0.5258080317247726,13.661103424336794,0,0,0,0,1.4366127580363264
2004-11-01,-9.02777777777778,2.3162583518930857,-2.834645669291336,0.9333333333333416,-13.996138996138995,0.2111654449470146,3.728551997760072,0.3721289192372135,-23.48271808939369,0,0,0,0,0.2126035151021721
2004-12-01,-10.97586135754075,15.97736177622988,6.645056726094012,-0.79260237780715,14.590347923681255,0.2111654449470146,5.067139232348032,-1.208143194038791,-1.9480835797629723,0,0,0,0,1.434305312315054
2005-01-01,8.551564310544624,-9.02777777777778,-6.5349544072948245,0.4660452729693842,4.995102840352605,0.2111654449470146,2.7256619990992763,0.6589616160365575,19.52742566808537,0,0,0,0,-0.923658459756338
2005-02-01,2.796754910333044,-10.97586135754075,-0.1626016260162677,0.4638833664678543,2.938432835820892,0.2111654449470146,2.592688437381913,-2.491036660314694,-5.75480940021158,0,0,0,0,1.487460343507263
2005-03-01,12.5441329179647,8.551564310544624,13.35504885993486,1.385224274406327,-15.541458994109648,0.2111654449470146,3.920463407983031,0.4185986817680565,9.747378007631657,0,0,1,0,0.169606855687654
2005-04-01,-2.232884295995574,2.796754910333044,2.873563218390806,0.8458035133376729,10.56866952789699,0.2111654449470146,3.195689805555911,-0.5772292776408117,-14.777017213960274,0,0,1,0,0.4100159231117173
2005-05-01,-5.945639864099661,12.5441329179647,-9.636871508379896,-0.4516129032257954,-1.7467248908296984,0.2111654449470146,2.2507850482296146,-1.14415404310082,-3.712755568104087,0,0,1,0,0.4105185863692462
2005-06-01,13.084487256672684,-2.232884295995574,10.973724884080372,0.0,2.123456790123446,0.2111654449470146,3.2606185507253085,-1.0619026968120229,19.030127120772345,0,0,1,0,-0.474881717345732
2005-07-01,4.702750665483579,-5.945639864099661,6.267409470752083,1.2961762799740706,-0.6769825918762074,0.2111654449470146,4.719141871145719,1.404145049952199,-8.381736591189105,0,0,1,0,0.3668883860011185
2005-08-01,10.152542372881346,13.084487256672684,24.90170380078636,0.8317338451695244,1.996105160662132,0.2111654449470146,4.426288889502588,-0.1670656163409778,5.449791707397766,0,0,1,0,-1.7824914644428258
2005-09-01,0.9232189567625948,4.702750665483579,23.294858342077653,2.888723008535649,2.673031026252981,0.2111654449470146,3.6439035845277408,3.4820949630109843,-9.229323416118753,0,0,0,0,-3.142219169378775
2005-10-01,-5.076993444122591,10.152542372881346,14.212765957446804,2.4660912453760897,-3.998140399814043,0.2111654449470146,1.774908448343412,4.804135061339684,-6.000212400885186,0,0,0,0,0.9191654090344948
2005-11-01,-6.328300674590426,0.9232189567625948,-23.248882265275704,-1.5042117930204602,3.970944309927371,0.2111654449470146,3.6392627458503433,-4.495560956379982,-1.2513072304678348,0,0,0,0,2.8935657335787144
2005-12-01,1.8689986282578896,-5.076993444122591,26.69902912621358,-0.4276114844227185,-7.126222636236612,0.2111654449470146,2.034461435695992,-3.934965206281915,8.197299302848315,0,0,0,0,1.3448454396352671
2006-01-01,10.233967345564722,-6.328300674590426,-31.223174214606278,0.7975460122699563,13.99197592778334,0.2111654449470146,3.8635777892174175,0.9963854453434172,8.364968717306832,0,0,0,0,1.007957195892062
2006-02-01,-5.894029622843167,1.8689986282578896,-13.233601841196773,-1.5216068167985377,-6.775186977562697,0.2111654449470146,3.0766431923988424,-1.2791740399442864,-16.12799696840789,0,0,0,0,-0.26239502501747
2006-03-01,1.719941586889484,10.233967345564722,-8.62068965517242,0.2472187886279231,-7.078810759792353,0.2164598582390819,1.994291854268274,1.3627023050514997,7.613971209732651,0,0,1,0,0.3945429360052488
2006-04-01,10.767267506779389,-5.894029622843167,3.918722786647333,1.2946979038224615,-7.516505840528187,-0.6816887359590185,4.236393906771902,-1.7627199597787802,9.047325919889904,0,0,1,0,0.5679193776532587
2006-05-01,2.016129032258074,1.719941586889484,-12.709497206703912,0.9129640900791268,6.64470071389347,-2.167050129616356,4.357847327905606,3.136188822362396,-8.751138474521312,0,0,1,0,0.0674182679909929
2006-06-01,0.1552795031055875,10.767267506779389,-0.6399999999999961,0.1809408926417344,-7.209062821833156,1.2110833049579828,0.8418432158071908,0.5037388964771239,-1.8608495291524865,0,0,1,0,0.73798531608813
2006-07-01,4.876673713883006,2.016129032258074,-0.6441223832528209,0.4214328717640159,-3.607103218645946,-0.2573730205623681,2.030131358640093,-0.974562922788702,4.721394210777419,0,0,1,0,0.432625388213359
2006-08-01,-1.841150383013024,0.1552795031055875,15.721231766612645,0.659472422062346,-5.008635578583764,-0.7364471118739613,1.7424408167856165,1.2035800633263705,-6.71782409689603,0,0,1,0,0.8549477259106375
2006-09-01,-12.650602409638568,4.876673713883006,-31.223174214606278,-1.4889815366289416,4.242424242424248,0.2738577177691104,5.770999335759278,-1.5067933622776142,-10.809452026625545,0,0,0,0,0.3159377731339008
2006-10-01,-7.695924764890272,-1.841150383013024,19.387755102040806,-1.93470374848852,-13.313953488372087,0.3411798266465871,7.184569112572746,-1.2352022883089453,4.954677644748296,0,0,0,0,-0.3593704106843676
2006-11-01,0.3226354219731719,-12.650602409638568,26.66666666666668,1.479654747225645,5.2984574111334615,-0.8161189903910571,2.781564308082993,-0.7142292490118551,8.018560186863443,0,0,0,0,-0.3838687596555479
2006-12-01,4.874746106973604,-7.695924764890272,-9.176788124156545,0.6075334143377908,5.031847133757972,-0.7365257083127519,1.7202422310054457,-1.7187563710499454,4.552110685000432,0,0,0,0,2.7892762354095657
2007-01-01,-12.02388637830859,0.3226354219731719,-2.6745913818722267,-0.9661835748792202,-14.554275318374776,1.0730978642051523,3.7568115914076254,2.825525276391039,-16.898632485282196,0,0,0,0,-0.329249499835893
2007-02-01,8.75068794716567,4.874746106973604,22.13740458015268,1.7073170731707332,5.03903477643719,-0.3652647201089931,3.773543869273908,-0.3261718904157162,20.774574325474266,0,0,0,0,0.5775034182571304
2007-03-01,1.9568151147098425,-12.02388637830859,-11.124999999999996,1.4988009592326046,1.0135135135135087,-0.4767003452839424,3.1428066013254323,1.9280283220018517,-6.793872832455827,0,0,1,0,0.9765530733267358
2007-04-01,5.857048312375901,8.75068794716567,6.891701828410679,1.2404016538688722,-0.3344481605351168,-1.4220488557478594,2.448373609834605,1.918647390345507,3.9002331976660582,0,0,1,0,0.3052685917494635
2007-05-01,-0.8127539856204957,1.9568151147098425,0.5263157894736858,1.1085180863477315,-5.033557046979864,-0.9511986275679396,1.9114741257297927,-1.842316975060343,-6.669802297996396,0,0,1,0,-0.0879979668339858
2007-06-01,6.350456980775276,5.857048312375901,-3.79581151832461,0.2885170225043199,2.3321554770318054,-0.2931068775590684,2.192084244123472,0.7146314510899865,7.163210966395772,0,0,1,0,0.2754345745509701
2007-07-01,9.823677581864,-0.8127539856204957,-15.374149659863946,0.7479861910241636,-6.491712707182318,-1.3118715383316104,5.382586119453581,-0.7362047756741541,3.4732206010887223,0,0,1,0,0.4826088783227877
2007-08-01,-2.374527792768488,6.350456980775276,0.0,-1.5419760137064475,-1.7725258493353049,0.5947927488519467,3.434418922224592,-0.8130299603573254,-12.198205374632488,0,0,1,0,-0.3630583047023239
2007-09-01,10.44776119402986,9.823677581864,-2.2508038585209,0.6380510440835208,-11.05263157894737,-1.4117923188771808,3.9558227125762673,-0.4026423515185007,12.822288986798346,0,0,0,0,0.4563079045071028
2007-10-01,7.357357357357341,-2.374527792768488,10.855263157894736,0.6916426512968199,6.846999154691469,-2.167050129616356,6.737477272689008,1.0088555408132691,-3.0904038366725173,0,0,0,0,-0.6086420551009497
2007-11-01,10.45454545454545,10.44776119402986,5.341246290801172,2.461362335432171,-5.3006329113924,-1.4902435285431892,7.47838886391988,2.6550249104187795,3.0971880971881083,0,0,0,0,0.3073741241106376
2007-12-01,-3.2499736203439933,7.357357357357341,0.140845070422535,-0.2234636871508377,-13.366750208855471,1.068983343516594,4.557766265763773,-2.534514316377368,-13.704519074889443,0,0,0,0,-0.0729713490607797
2008-01-01,1.396008288799222,10.45454545454545,12.376933895921226,1.3437849944009097,4.532304725168745,-0.6753403044101436,1.5472987214284977,0.2831647132483406,4.645981909143215,0,0,0,0,-0.7131571722772234
2008-02-01,2.6029902118963166,-3.2499736203439933,6.883604505632035,0.9392265193369996,1.7527675276752808,-0.8430689020623383,1.8790423092631376,-1.1079281360061088,1.2069819230970946,0,0,0,0,-1.4954464067292284
2008-03-01,10.546178844742649,1.396008288799222,10.187353629976602,2.846195949644237,-8.884859474161377,-2.0346361415197856,6.618287794689374,0.6202062561201593,7.943188632846332,0,0,1,0,-1.1220894112165205
2008-04-01,6.761498340445704,2.6029902118963166,8.182784272051013,1.5965939329430467,0.7960199004975133,-0.3366314507971535,8.636517430847594,0.0441792082506387,-3.784680504296945,0,0,1,0,-1.0035138529254195
2008-05-01,11.387457807781145,10.546178844742649,10.707269155206278,2.888723008535649,-3.948667324777888,0.3199712948081412,10.109333970808098,1.4106472994819264,4.625959467335439,0,0,1,0,-0.9288956802218752
2008-06-01,6.76236044657097,6.761498340445704,12.599822537710724,1.983723296032558,7.502569373072965,0.2860266739812322,10.723438503266337,-0.7796561277463976,-4.625097361210173,0,0,1,0,-1.1202878881280354
2008-07-01,-0.3809381535703537,11.387457807781145,-12.608353033884946,2.493765586034913,-11.759082217973226,-0.7109547485674494,4.755547637584464,3.362077765619897,-7.143298600141323,0,0,1,0,-0.8515491800443531
2008-08-01,-12.521556571942716,6.76236044657097,-25.518485121731292,-2.741552980959937,-8.559046587215601,2.7464203872102395,9.792294589795343,-2.8209365140432485,-12.140618418372362,0,0,1,0,-1.80936376592713
2008-09-01,-10.765406702665636,-0.3809381535703537,-7.14285714285714,-1.0552763819095423,-2.843601895734593,2.608481620132963,14.678732915343948,-4.446353218747035,1.7561498692770794,0,0,0,0,-3.142219169378775
2008-10-01,-20.062989045280816,-12.521556571942716,-12.125162972620595,-2.741552980959937,-5.243902439024395,2.7464203872102395,20.489050734477704,0.54391616239573,-15.648962714297188,0,0,0,0,2.8935657335787144
2008-11-01,-20.062989045280816,-10.765406702665636,-0.8902077151335397,-2.741552980959937,-15.901856675757898,2.7464203872102395,23.51942459613615,-4.495560956379982,1.221835805162797,0,0,0,0,-2.987668949272082
2008-12-01,-20.062989045280816,-26.414369416962824,-12.874251497005984,-2.741552980959937,-14.110429447852756,-1.0960095074234344,17.767696342895253,4.804135061339684,-3.057335520986584,0,0,0,0,-3.142219169378775
2009-01-01,1.4348249027237523,-25.192533611800027,-9.965635738831612,0.1755412521942556,-12.5,0.6921742179076151,9.181722786783135,1.9972406078218372,25.643732000340197,0,0,0,0,0.1323585935310012
2009-02-01,-6.281467274035002,-28.24986913278661,-13.740458015267189,-1.1098130841121323,18.775510204081638,2.6124441020709543,1.3743725841266852,4.804135061339684,-7.716292176758754,0,0,0,0,0.1239101343674775
2009-03-01,18.39466293318323,1.4348249027237523,-12.389380530973447,-0.7088009450679333,-13.230240549828176,0.4525612070469531,4.546056899482505,-3.768473341566825,25.643732000340197,0,0,1,0,-0.5055964394941714
2009-04-01,3.5669586983729573,-6.281467274035002,-11.616161616161612,0.5948839976204656,-5.346534653465351,-2.167050129616356,5.668041989964369,-1.915077346688654,-19.073102698403694,0,0,1,0,0.6930059131482702
2009-05-01,18.39466293318323,22.64006139677665,9.42857142857143,1.0053222945002993,12.970711297071125,-2.167050129616356,5.97071464176047,4.012037644366484,15.325287021667332,0,0,1,0,-0.4843358125572461
2009-06-01,17.973911570387948,3.5669586983729573,-0.7832898172323799,1.932084309133475,8.333333333333325,-1.5471376032751285,10.001304914859844,-1.3079019073569451,-0.9183341496523418,0,0,1,0,0.6026319974171468
2009-07-01,-7.883400344629521,18.89224572004029,-11.05263157894737,-0.9190120620333088,1.538461538461533,-0.3978016198869283,5.306075134535241,4.572350726196883,-23.48271808939369,0,0,1,0,0.4043614709905885
2009-08-01,10.756040530007782,17.973911570387948,-7.100591715976323,1.449275362318847,-1.3468013468013518,-1.345921711102127,3.645504080370774,-4.495560956379982,18.6394408746373,0,0,1,0,1.0160396683869477
2009-09-01,-2.308233638282897,-7.883400344629521,-4.777070063694266,-0.5142857142857227,-0.170648464163825,-0.7515311954245929,3.604793105482378,0.925423423995264,-13.06427416829068,0,0,0,0,-0.2074167546645133
2009-10-01,9.090909090909104,10.756040530007782,34.113712374581915,0.6318207926478969,-8.71794871794872,-1.4990189328621173,3.274003665239266,-1.944277195168576,11.399142729192,0,0,0,0,0.3716842302530221
2009-11-01,2.997886951928153,-2.308233638282897,-8.728179551122183,1.255707762557079,10.1123595505618,-0.4987563038815534,4.445698295356258,0.9674134419552004,-6.093022138980952,0,0,0,0,1.6908556497172489
2009-12-01,-4.513399153737652,9.090909090909104,39.57722152690853,0.3945885005636862,-1.1904761904761862,0.5000114038301806,1.7844607028456057,1.1825192802056517,-7.511286105665804,0,0,0,0,-1.1120178041543085
2010-01-01,5.183295286692635,2.997886951928153,8.971962616822449,2.133632790567108,5.679862306368322,0.1969257227741438,2.137194422601802,-2.097153426547116,9.696694440430289,0,0,0,0,1.512272976196738
2010-02-01,-2.476701136218562,-4.513399153737652,-8.747855917667236,-0.4947773501924213,-1.6286644951140072,1.5646638965905568,1.930008635559328,4.804135061339684,-7.659996422911197,0,0,0,0,-0.9670818957354776
2010-03-01,6.296635685299123,5.183295286692635,-19.3609022556391,1.27071823204421,5.298013245033117,-0.7847777119506683,2.41993801573518,-4.495560956379982,8.773336821517685,0,0,1,0,0.6641382153710795
2010-04-01,3.805418719211828,-2.476701136218562,-6.060606060606055,0.6001091107474155,8.018867924528305,-0.5483548736400001,3.981084441874313,4.804135061339684,-2.491216966087295,0,0,1,0,0.6494709901722295
2010-05-01,-12.516312729861202,6.296635685299123,2.7295285359801413,0.2169197396963085,-15.138282387190682,2.7464203872102395,5.423747167165316,-4.495560956379982,-16.32173144907303,0,0,1,0,0.1653478426985932
2010-06-01,2.1697857336588022,3.805418719211828,15.94202898550725,-0.703463203463206,-8.06174957118353,0.5547824998631601,5.685727745856329,1.835338392823982,14.686098463520004,0,0,1,0,0.146140914768611
2010-07-01,1.3007698433766812,-12.516312729861202,-3.541666666666665,0.3269754768392419,1.865671641791056,-1.6717950341687438,1.3023568379418156,4.556792016255773,-0.869015890282121,0,0,1,0,-0.2634957841592289
2010-08-01,0.3668763102725458,2.1697857336588022,-6.695464362850967,0.4345464421510181,9.706959706959717,-0.817808680664045,0.6616141876756956,-2.962708925110369,-0.9338935331041354,0,0,1,0,0.401210994653578
2010-09-01,-1.7754569190600478,1.3007698433766812,-9.95370370370371,0.0,-0.8347245409014992,-0.9816552853602168,0.7181457605067237,0.5627495352550249,-2.1423332293325936,0,0,0,0,-0.0724059867836079
2010-10-01,8.838383838383844,0.3668763102725458,-11.82519280205655,0.919415900486742,-8.585858585858585,-2.167050129616356,3.5132178981669204,2.230299983565198,10.613840757443892,0,0,0,0,-1.0901786696995377
2010-11-01,2.881914763707405,-1.7754569190600478,8.163265306122437,0.5894962486602262,0.3683241252302016,0.3107810427498414,4.672119433404956,-4.226862838158518,-5.95646907467644,0,0,0,0,0.9576277316083016
2010-12-01,5.8160237388724,8.838383838383844,14.555256064690036,1.0655301012253648,-1.1009174311926606,0.7446026858622501,3.703313831331776,1.2825752800539547,2.934108975164995,0,0,0,0,0.5804976665279682
2011-01-01,0.0224340998317362,2.881914763707405,5.647058823529427,1.5814443858724214,16.883116883116877,-1.1759274041363788,2.834807459658068,3.206734187428073,-5.793589639040664,0,0,0,0,-0.2001751532591078
2011-02-01,-0.661657508130542,5.8160237388724,-8.908685968819608,1.6087182148417425,-15.901856675757898,-0.792942905795524,0.3350124375793759,0.3233786951777784,-0.6840916079622783,0,0,0,0,-0.3747086742999173
2011-03-01,16.121020546398746,0.0224340998317362,-2.933985330073341,1.7364657814095796,16.05415860735009,-1.017334525564728,8.079630767141065,-0.6156727296425135,16.78267805452929,0,0,1,0,1.1290888483532546
2011-04-01,6.484542096052892,-0.661657508130542,6.801007556675054,1.957831325301207,-7.666666666666666,-1.769588097101249,10.70287967480398,0.6324002542378526,-9.636478450345855,0,0,1,0,-0.752011494513849
2011-05-01,-7.879119875833096,16.121020546398746,1.6509433962264008,0.492368291482026,1.26353790613718,0.0288054550892091,4.524146328314168,1.8961332250711396,-14.363661971885987,0,0,1,0,-1.429948012705362
2011-06-01,-4.598612487611497,6.484542096052892,5.336426914153147,-0.0979911807937217,8.377896613190728,-0.0059234380815675,6.734233438187204,-4.495560956379982,3.280507388221599,0,0,1,0,0.180756279818528
2011-07-01,1.0804072304176016,-7.879119875833096,-2.643171806167399,0.343305541932315,2.4671052631578982,-0.7170928792252451,2.434857969847974,-0.253797060430716,5.679019718029099,0,0,1,0,-0.0184414987470793
2011-08-01,-11.274409044193211,-4.598612487611497,-8.144796380090503,-0.6842619745845546,-6.09951845906902,0.6724435106532978,6.055677776544294,-0.5120923038535841,-12.354816274610815,0,0,1,0,0.3507311688227377
2011-09-01,-0.9382601644851164,1.0804072304176016,-3.940886699507384,0.2460629921259949,11.111111111111116,2.7464203872102395,6.57983535761592,1.866753547043154,10.336148879708096,0,0,0,0,0.4237659939797078
2011-10-01,0.9354536950420878,-11.274409044193211,-8.461538461538465,-1.276386843397148,-6.153846153846154,0.9858742873616322,0.4647938611178387,-3.234009183987696,1.873713859527204,0,0,0,0,0.0474587058673092
2011-11-01,12.557924003707145,-0.9382601644851164,-9.243697478991583,0.1491795126802753,16.55737704918032,0.7229181332337742,6.501733102283774,3.595925590516436,11.622470308665054,0,0,0,0,-1.018958849102336
2011-12-01,1.4409221902017322,0.9354536950420878,-2.1604938271605034,-0.7944389275074459,-2.390998593530236,1.030747507902774,6.6992934950882885,-2.8609418052838453,-11.11700181350541,0,0,0,0,0.4534254425356154
2012-01-01,1.7349837662337553,12.557924003707145,-15.77287066246057,0.4504504504504458,4.17867435158501,-0.6066069023601073,1.5575728982400092,3.970127460225714,0.2940615760320231,0,0,0,0,0.8905531285394064
2012-02-01,1.924803031814104,1.4409221902017322,-5.992509363295884,0.4484304932735439,-2.627939142461966,-1.8394257529207536,1.821107721506792,-0.8626760563380298,0.1898192655803487,0,0,0,0,-0.3442976447181833
2012-03-01,3.8747553816046887,1.7349837662337553,-13.545816733067728,1.289682539682535,-1.278409090909094,0.6121727162072599,3.0027376397766488,0.0697105151128196,1.9499523497905848,0,0,1,0,-0.2592303094395176
2012-04-01,-2.6752072343632305,1.924803031814104,-10.138248847926269,-0.2448579823702279,8.345323741007205,0.3363073758670731,2.0413067710002224,-0.6474416075497924,-6.549962615967919,0,0,1,0,-0.0607579905055222
2012-05-01,-8.381726674409595,3.8747553816046887,24.615384615384617,-0.8836524300441795,-5.976095617529875,1.846793572846228,5.9904256943891925,-1.0478949509686974,-5.706519440046365,0,0,1,0,-1.375589037355207
2012-06-01,-13.057257553348824,-2.6752072343632305,1.2345679012345512,-1.0401188707280795,6.920903954802249,1.5007443905658224,10.564134291712325,-0.6298201233308043,-4.675530878939227,0,0,1,0,0.1459224497011968
2012-07-01,6.804374240583244,-8.381726674409595,19.918699186991876,0.1501501501501412,-2.245706737120212,-0.50564083700404,6.189065626840027,-0.0525309809571328,19.861631793932062,0,0,1,0,-1.027627890728844
2012-08-01,7.087599544937406,-13.057257553348824,-3.7288135593220417,1.2993503248375893,1.8918918918918948,-0.939875257281786,5.917795197537632,1.4856931442718824,0.2832253043541621,0,0,1,0,0.0236877594682605
2012-09-01,0.4036970147668128,6.804374240583244,0.3521126760563486,0.8386778490379942,12.334217506631306,-1.6730727780902122,3.7114552401987946,-1.7053991311608896,-6.683902530170593,0,0,0,0,0.2369158481700717
2012-10-01,-5.3116072373293965,7.087599544937406,16.491228070175424,-0.4403131115459868,8.028335301062572,-0.2457347862502068,2.795067083273511,2.399339735100303,-5.715304252096209,0,0,0,0,-0.2173419893616412
2012-11-01,-3.307632137669003,0.4036970147668128,6.626506024096401,-0.8353808353808279,-8.961748633879784,0.7916226065247223,4.034071557785349,-1.2069808325996023,2.0039750996603933,0,0,0,0,-0.2140420650672769
2012-12-01,1.5370391771639902,-5.3116072373293965,-5.649717514124298,-0.1486620416253803,17.166866746698673,-0.6501114839145283,1.4825316185496975,-0.0427714126661538,4.844671314832993,0,0,0,0,0.7854959760938529
2013-01-01,7.85340314136127,-3.307632137669003,-0.2994011976047872,0.496277915632759,-9.016393442622949,-0.0603823490257005,4.417989738934756,2.607787820891705,6.31636396419728,0,0,0,0,-1.131307029655415
2013-02-01,0.5804136766568213,1.5370391771639902,0.0,0.8888888888888946,8.333333333333325,0.7986295527206533,4.151606114906923,-0.6440643079750785,-7.272989464704449,0,0,0,0,-1.1709110849475013
2013-03-01,-2.486622599937049,7.85340314136127,14.414414414414424,-0.1468428781204123,4.98960498960499,0.941887587838708,1.2404165966853309,-0.6066233618186923,-3.067036276593871,0,0,1,0,-0.1046357476032211
2013-04-01,-0.9898859479233968,0.5804136766568213,9.4488188976378,-0.2450980392156854,-15.901856675757898,-0.3953519105470482,1.697419610270975,-1.7146378531730069,1.4967366520136527,0,0,1,0,-0.1164691400022399
2013-05-01,2.7059334927189926,-2.486622599937049,-3.11750599520384,0.2948402948402817,11.377245508982025,0.5227124773728109,1.2590604962957426,-0.0430368443114725,3.695819440642389,0,0,1,0,0.5268388610043973
2013-06-01,1.3331922547878516,-0.9898859479233968,-5.198019801980203,0.0979911807937439,-9.784946236559144,0.8155789835448513,1.908323871883154,0.8557347863921927,-1.372741237931141,0,0,1,0,-0.391239976150437
2013-07-01,9.293098047405255,2.7059334927189926,-5.483028720626626,0.04894762604013,4.886769964243154,0.6311626791440039,5.5380983499150975,-0.7345625577677595,7.959905792617405,0,0,1,0,-0.3818235099130818
2013-08-01,1.815228814368952,1.3331922547878516,-5.2486187845303895,-0.097847358121339,4.20454545454545,-0.16778096957063,5.765703195043274,0.6939136744578134,-7.477869233036305,0,0,1,0,-0.1314595286939668
2013-09-01,-0.2627381064089218,9.293098047405255,5.5393586005830775,-0.1469147894221256,-7.306434023991271,-0.2607071012051931,1.0257355084680155,-0.1232170175371916,-2.077966920777874,0,0,0,0,-1.049004401916842
2013-10-01,-5.409728102361466,1.815228814368952,1.6574585635359185,-0.6866110838646411,8.823529411764696,-1.0391472632927945,3.403473715681102,-0.0409991017424005,-5.146989995952545,0,0,0,0,-0.3292029248601391
2013-11-01,-6.644121742590025,-0.2627381064089218,-1.0869565217391353,-0.6419753086419844,18.918918918918926,0.945305034755206,6.220795769031392,0.7321535399601231,-1.234393640228559,0,0,0,0,-0.2859316721225413
2013-12-01,4.016620498614953,-5.409728102361466,16.483516483516492,0.3976143141153132,-8.90909090909091,0.1717310475843003,3.349213838101738,-0.9350308252461637,10.66074224120498,0,0,0,0,0.2363736530286209
2014-01-01,-3.0830687288743164,-6.644121742590025,11.08490566037734,0.8910891089108919,-11.377245508982035,0.9950685526481484,1.993765282072799,1.2514487866834068,-7.09968922748927,0,0,0,0,-0.7170498966405647
2014-02-01,6.552525893045846,4.016620498614953,27.388535031847127,0.9322865554465044,6.3063063063063085,0.1914309183599361,3.1004354532869733,0.1061642610822533,9.635594621920164,0,0,0,0,-0.0517075837460634
2014-03-01,-0.019837333862327,-3.0830687288743164,-18.333333333333325,0.6319883325230924,2.754237288135597,-0.2163453329982467,3.573812156973576,-0.1737044646827223,-6.572363226908173,0,0,1,0,0.8393994473114397
2014-04-01,1.2599206349206415,6.552525893045846,-4.897959183673473,0.6280193236715137,7.525773195876284,-0.4714815560354246,0.7275300681063199,-0.7524904383994668,1.2797579687829683,0,0,1,0,0.203648240743548
2014-05-01,0.1077691780150935,-0.019837333862327,-1.716738197424894,-0.1440230436869916,-3.451581975071905,-0.3463157868339728,0.7669637105705308,-0.4284103549780815,-1.152151456905548,0,0,1,0,-0.832674612999762
2014-06-01,3.532981013897052,1.2599206349206415,0.2183406113537067,0.1442307692307798,-9.533267130089374,0.1680112549087065,2.1167034117542625,-0.7384979944834336,3.4252118358819583,0,0,1,0,1.0457895001315445
2014-07-01,-2.0795916438226647,0.1077691780150935,-11.764705882352944,-0.1440230436869916,19.03835998457294,-0.2382520027735424,1.819349700671129,1.5606820039791414,-5.612572657719717,0,0,1,0,0.3045221985274127
2014-08-01,-6.805676223573698,3.532981013897052,-3.456790123456788,-0.480769230769229,-9.308755760368658,1.0437074308566665,4.832269997975287,0.150079436785222,-4.726084579751033,0,0,1,0,0.573851131175962
2014-09-01,-3.449347420758253,-2.0795916438226647,0.2557544757033181,-0.2898550724637627,3.963414634146334,1.6282976965527718,5.299933961852613,-0.0079320167684748,3.356328802815445,0,0,0,0,-0.1441182639693727
2014-10-01,-9.451775560562158,-6.805676223573698,-3.57142857142857,-1.4534883720930258,4.985337243401755,1.3719579572259333,6.272753249836314,-0.3899095204859648,-6.002428139803905,0,0,0,0,-0.9113559892979683
2014-11-01,-10.201421800947864,-3.449347420758253,8.994708994709,-1.2291052114061007,-6.797020484171323,1.7191001043656229,8.710191348835684,-1.7515048578249035,-0.7496462403857045,0,0,0,0,0.145262933725121
2014-12-01,-20.062989045280816,-9.451775560562158,-15.533980582524276,-1.941264310602297,7.1928071928071935,2.350251481953225,12.759925548372088,-1.5561828433216962,-11.56926034709278,0,0,0,0,0.4982695181573904
2015-01-01,-20.062989045280816,-10.201421800947864,-14.080459770114938,-2.538071065989844,1.1183597390493905,2.283628033032325,14.342127922080874,-0.8340722288975533,1.413117634631977,0,0,0,0,-0.3197263592738086
2015-02-01,7.11562897077509,-21.77068214804064,-4.013377926421413,-0.4687500000000066,-15.901856675757898,1.3567741410565048,6.229480984265981,1.2190210818250224,25.643732000340197,0,0,0,0,-0.1395377823132815
2015-03-01,-5.456702253855273,-20.357564513408665,-1.393728222996515,0.2093144950287895,8.352144469525967,2.088266348046841,1.791982142767614,-0.5660064153747424,-12.572331224630362,0,0,1,0,-0.7186534949279788
2015-04-01,13.86449184441656,7.11562897077509,-7.773851590106018,-0.3133159268929431,19.03835998457294,-0.9430063305870372,3.330450419987973,2.6444693652124096,19.32119409827183,0,0,1,0,0.5355745026071501
2015-05-01,8.852157943067041,-5.456702253855273,9.195402298850585,1.3095861707700385,-9.327731092436975,-0.889277410896272,5.748794076441724,0.739851703950245,-5.012333901349518,0,0,1,0,-1.014251493730045
2015-06-01,0.9279568078285784,13.86449184441656,-2.4561403508772006,0.7238883143743546,11.67747914735866,0.7328497328996875,2.95442605819328,0.1287316759421841,-7.924201135238463,0,0,1,0,0.7410953090611239
2015-07-01,-14.911400869274496,8.852157943067041,2.158273381294973,-0.462012320328542,-4.89626556016598,1.831418706072529,4.998763180360865,-0.9530249303894234,-15.839357677103074,0,0,1,0,0.0095029189636219
2015-08-01,-15.77603143418468,0.9279568078285784,-2.464788732394363,-1.0314595152140282,-1.3961605584642212,1.7139458754386938,8.478893402639955,-0.7827850995347774,-0.8646305649101844,0,0,1,0,-0.8963241891939644
2015-09-01,6.088173547935627,-14.911400869274496,-3.971119133574008,-1.4590932777488352,8.318584070796465,0.795176746669024,4.0961241843151255,-1.5959653118947426,21.864204982120302,0,0,0,0,0.6451606526135523
2015-10-01,1.6270888302550637,-15.77603143418468,-12.030075187969937,-0.8461131676361644,-13.56209150326797,-0.8549165239185474,1.7598390077877042,1.726215176381174,-4.461084717680564,0,0,0,0,0.0848545441867409
2015-11-01,-8.178277801817401,6.088173547935627,-10.68376068376068,-0.9600000000000052,10.775047258979198,1.6269162817028615,2.003230723938508,0.536305154743022,-9.805366632072465,0,0,0,0,0.1759435253665842
2015-12-01,-12.370405278039588,1.6270888302550637,-7.655502392344493,-1.184706515885836,-2.2184300341296925,0.9795994324187208,4.534898014288496,0.7319346135614024,-4.192127476222186,0,0,0,0,-0.1474232762251892
2016-01-01,-14.815810701801556,-8.178277801817401,18.134715025906733,-0.4904632152588628,-4.712041884816753,2.1710604294232327,5.380523518518507,-1.605105436204468,-2.4454054237619687,0,0,0,0,0.9529461968970976
2016-02-01,-4.292929292929292,-12.370405278039588,-12.71929824561403,-0.7119386637458813,12.17948717948718,-0.8267085204926361,3.637916070132807,2.026017508503664,10.522881408872264,0,0,0,0,-0.6737092098857311
2016-03-01,18.39466293318323,-14.815810701801556,-13.06532663316583,0.441257584114707,-9.306122448979592,-2.0898735004786007,3.842295320941707,-1.899149544667722,25.643732000340197,0,0,1,0,0.8542810909595966
2016-04-01,8.521970705725712,-4.292929292929292,10.98265895953756,0.6040637012630468,4.680468046804687,-1.6768775099220037,5.343185691451381,1.3881751968653155,-15.323675732269004,0,0,1,0,-0.7166706438589188
2016-05-01,14.625766871165634,23.84564643799472,0.0,1.1462882096070048,-1.2897678417884806,1.021148838106778,4.648784787446915,1.3101603399017447,6.103796165439922,0,0,1,0,-0.4400629219630914
2016-06-01,4.388781845429235,8.521970705725712,34.89583333333333,1.2412304371289815,4.790940766550533,0.3771018963755645,4.161013498335648,-0.1117282485679105,-10.2369850257364,0,0,1,0,-1.0046261675822898
2016-07-01,-8.429040196882687,14.625766871165634,8.880308880308885,0.0533049040511768,2.9925187032418865,0.8225760068464094,2.0550020275735927,-1.3832250794428402,-12.81782204231192,0,0,1,0,-0.3204959806651586
2016-08-01,0.1567749160134468,4.388781845429235,0.0,-0.586041555673944,-5.488297013720745,-0.92367128936216,2.3529626714700598,0.4559132547440558,8.585815112896134,0,0,1,0,-0.4628469362993659
2016-09-01,1.0286225402504456,-8.429040196882687,6.028368794326244,0.1607717041800738,-8.795900939368062,0.788321242469725,0.28792360097442,0.0441079615388639,0.8718476242369988,0,0,0,0,0.7989113384262669
2016-10-01,10.181496237273135,0.1567749160134468,-0.3344481605351279,-0.1070090957731473,19.03835998457294,1.0308631096013654,2.79807076393687,1.6725429206386977,9.15287369702269,0,0,0,0,-0.2090482505962332
2016-11-01,-8.27641623141825,1.0286225402504456,-14.429530201342288,-0.2142474558114449,-13.175932977913174,2.3201824865006326,2.5286623604846152,-3.1896039921696877,-18.457912468691383,0,0,0,0,0.2584556825981465
2016-12-01,13.819535698642138,10.181496237273135,39.57722152690853,1.0198604401502775,9.82456140350878,1.5479735066490583,3.203815433718342,-0.9985225910843608,22.095951930060387,0,0,0,0,0.0196165654960278
2017-01-01,1.019819126419086,-8.27641623141825,-8.07799442896936,1.3283740701381497,-4.952076677316297,-0.1009709487750476,3.805316456397803,3.0682170809916087,-12.799716572223051,0,0,0,0,-0.7464719394501773
2017-02-01,1.8476190476190533,13.819535698642138,-13.636363636363624,0.4719454640797149,6.806722689075628,-1.4139138770125736,0.7606795207787236,1.1699808128379452,0.8277999211999676,0,0,0,0,-0.7200505382664701
2017-03-01,-7.742659435197307,1.019819126419086,1.0526315789473717,-0.052192066805845,-6.372934697088906,-0.400051747761776,2.165232858916582,1.0212338339717464,-9.59027848281636,0,0,1,0,0.5414164483643846
2017-04-01,3.5069937157916176,1.8476190476190533,7.638888888888906,0.7832898172323688,-3.6974789915966366,-0.7661115652529027,2.07928673667968,-1.646080701977071,11.249653150988925,0,0,1,0,0.3091431176663439
2017-05-01,-5.052878965922458,-7.742659435197307,1.6129032258064502,-0.103626943005175,0.9598603839441556,-0.4449456251256589,1.3147750124382178,-2.1428047218927104,-8.559872681714076,0,0,1,0,0.6673138797300027
2017-06-01,-6.806930693069302,3.5069937157916176,-5.3968253968254,0.4149377593360981,7.951598962834927,-1.3118068263411775,2.947337781795374,-0.00407255003535,-1.7540517271468437,0,0,1,0,0.3677333309570318
2017-07-01,3.209384683488281,-5.052878965922458,0.0,-0.0516528925619819,-3.4427542033626857,-1.507372841660071,1.6540354691879116,-0.3907229694945724,10.016315376557582,0,0,1,0,0.4247867927413384
2017-08-01,3.0238044177568035,-6.806930693069302,-2.684563758389269,0.1550387596899183,-3.897180762852404,-1.0396977850820055,1.4300466192861232,0.9875250572737748,-0.1855802657314775,0,0,1,0,-3.142219169378775
2017-09-01,3.705245628642806,3.209384683488281,2.758620689655178,0.5159958720330149,1.898188093183784,-0.9568332946440994,1.598572279670769,1.1723650009649256,0.6814412108860024,0,0,0,0,-1.8642032576358212
2017-10-01,3.532717784022488,3.0238044177568035,-3.3557046979865834,0.0513347022587318,6.435224386113458,1.8694091263746329,1.7700094161704174,0.9320081503637168,-0.1725278446203182,0,0,0,0,2.8935657335787144
2017-11-01,9.810003877471884,3.705245628642806,4.513888888888884,0.5130836326321164,1.2728719172633296,0.2474081050548804,3.540564926674675,-1.219573654998074,6.277286093449398,0,0,0,0,-0.229022430083059
2017-12-01,2.1892655367231617,3.532717784022488,-6.312292358803983,0.2041858090862769,-7.5412411626080145,-0.2588214074715655,3.3374441318668424,-0.6328026426245525,-7.620738340748724,0,0,0,0,-0.734573995901211
2018-01-01,10.05528680027643,9.810003877471884,37.23404255319149,0.8150789607743292,10.365335598980453,-2.167050129616356,3.76947388017648,-2.3318247170606266,7.866021263553269,0,0,0,0,-1.5412440356585733
2018-02-01,-2.3076923076923217,2.1892655367231617,-31.00775193798449,0.707427993936327,-1.6936104695919885,-0.6521802128847232,3.026433544619727,2.676186829988192,-12.362979107968751,0,0,0,0,0.2663657437139477
2018-03-01,0.8034709946970864,10.05528680027643,0.7490636704119868,0.0,3.210649960845724,0.2759684177557897,0.7474177769714829,1.0967900040375955,3.111163302389408,0,0,1,0,0.1460967166364346
2018-04-01,5.611350231149381,-2.3076923076923217,4.089219330855021,0.5017561465127995,-3.186646433990892,-0.0035367828225663,2.190920658840263,-2.482039160017824,4.807879236452295,0,0,1,0,0.3519682609296026
2018-05-01,5.630188679245296,0.8034709946970864,0.0,1.4478282576135593,6.347962382445149,2.7464203872102395,3.625506861116098,2.342993764438728,0.0188384480959147,0,0,1,0,-0.3575117425510865
2018-06-01,-3.015147184909972,5.611350231149381,6.071428571428594,0.4921259842519676,-12.159174649963155,1.6185736457395403,1.8703564722622616,-0.7252522648628634,-8.645335864155268,0,0,1,0,0.2529023873944824
2018-07-01,4.582289671430684,5.630188679245296,-4.7138047138047146,0.0489715964740566,1.342281879194629,0.1906290869586602,1.587671250605764,1.1423611476141904,7.597436856340655,0,0,1,0,0.6563330416747615
2018-08-01,-4.113834883065659,-3.015147184909972,4.59363957597172,-0.4405286343612369,6.62251655629138,0.6829119833467789,1.743301465610593,-0.3986346297638166,-8.696124554496343,0,0,1,0,-0.9836639545564796
2018-09-01,3.188363208933298,4.582289671430684,1.3513513513513598,0.0983284169124854,-2.9503105590062084,0.217015887560068,1.5164541975718924,-2.361517499766741,7.302198091998957,0,0,0,0,-0.0246911071370425
2018-10-01,0.7404243200911154,-4.113834883065659,9.333333333333329,0.4911591355599265,-2.32,0.6597166483031991,1.4268496767354548,1.2320227052602828,-2.4479388888421827,0,0,0,0,-0.1426949630913943
2018-11-01,-19.49116607773852,3.188363208933298,24.695121951219523,-1.1241446725317572,-3.276003276003281,1.1650015158606086,7.815874871055699,-2.191081529680705,-20.231590397829635,0,0,0,0,0.8928126141842352
2018-12-01,-13.061797752808978,0.7404243200911154,-1.2224938875305624,-0.6426099851705391,-7.281964436917865,0.036808655143794,10.772113689213132,0.0483935722234152,6.429368324929541,0,0,0,0,-0.1163136736660019
2019-01-01,3.756058158319875,-19.49116607773852,-23.019801980198014,-0.945273631840804,11.963470319634697,-1.5224918493877193,3.8718987590069256,-0.9385104501532404,16.817855911128852,0,0,0,0,-0.8392820351225905
2019-02-01,6.948228882833796,-13.061797752808978,-13.5048231511254,0.0502260170768487,-8.564437194127239,-0.0257635467774575,2.759510826215282,0.5195851293480325,3.192170724513921,0,0,0,0,0.1505364516175111
2019-03-01,5.8234758871701375,3.756058158319875,9.66542750929369,0.8032128514056325,6.244424620874223,0.3238386145564487,3.3866847112379284,0.3421756567825618,-1.1247529956636582,0,0,1,0,-0.0024407607037479
2019-04-01,9.819432502149606,6.948228882833796,-10.169491525423735,0.6474103585657254,6.801007556675054,0.104749792333525,4.513538892413893,1.1136673392062035,3.9959566149794687,0,0,1,0,-0.7862492321586201
2019-05-01,-4.744754149702479,5.8234758871701375,-0.3773584905660265,-0.1979218208807531,1.650943396226423,0.9169650520953754,2.8567872397735377,1.772756693145039,-14.564186651852086,0,0,1,0,-1.0326535423788807
2019-06-01,-10.1430215354266,9.819432502149606,-9.090909090909092,-0.6941001487357323,-3.8669760247486473,-0.457333383926628,4.688457457771465,-2.605804749340368,-5.398267385724121,0,0,1,0,-0.3438736119469099
2019-07-01,4.92133186974022,-4.744754149702479,-1.2499999999999956,0.1997004493260012,-0.2413515687851974,-0.3027704774184236,3.09341774310111,1.5391380826737078,15.06435340516682,0,0,1,0,0.7082048451854117
2019-08-01,-4.428945074106361,-10.1430215354266,-6.329113924050633,-0.7473841554558991,10.88709677419355,1.7577665977935195,1.5116326714293604,0.357302367128165,-9.35027694384658,0,0,1,0,0.7609149969296958
2019-09-01,3.904397007845284,4.92133186974022,15.315315315315312,-0.4016064257028051,-4.654545454545456,0.1908906053217363,1.3657232516140938,-0.5798212812358594,8.333342081951645,0,0,0,0,-0.2432559216173024
2019-10-01,-5.250219490781394,-4.428945074106361,-8.984375,0.1008064516129003,1.067887109077037,-0.4923641394618538,1.5406816673146049,0.4009310461326798,-9.154616498626677,0,0,0,0,-0.2712628713821829
2019-11-01,5.689399555226093,3.904397007845284,13.733905579399131,0.2014098690835908,2.1132075471698157,-0.159997135078227,1.749828563031063,-1.336025667198626,10.939619046007486,0,0,0,0,-0.5586206825549889
2019-12-01,4.997369805365604,-5.250219490781394,-16.226415094339607,0.0,14.412416851441234,-0.5575337892800958,2.9606812279157557,-0.959503581943466,-0.6920297498604899,0,0,0,0,-0.4526371914131522
2020-01-01,-3.94121576486306,5.689399555226093,-9.009009009009016,0.1507537688442362,2.131782945736438,-0.5437204781504223,1.52382194935393,1.8870204765280565,-8.938585570228664,0,0,0,0,0.2058193095745064
2020-02-01,-12.134909596662036,4.997369805365604,-5.44554455445545,-1.304565980933281,-2.024035420619863,1.2414677456076273,4.856706703106476,2.1212405520281696,-8.193693831798976,0,0,0,0,-0.0621690458348811
2020-03-01,-20.062989045280816,-3.94121576486306,-6.282722513089,-1.8301982714794107,-15.901856675757898,2.7464203872102395,14.748702767814263,-2.2532987326251863,-23.48271808939369,1,0,1,0,1.747008784893178
2020-04-01,-20.062989045280816,-12.134909596662036,-2.793296089385477,-2.741552980959937,-15.901856675757898,1.8654382874623288,17.17830317580866,-4.495560956379982,-1.1371267679821455,1,0,1,0,-3.142219169378775
2020-05-01,18.39466293318323,-42.20419469726948,0.5747126436781658,1.6711590296495826,11.00427350427351,-0.5396930484679263,7.129027516662482,2.4645319511289454,25.643732000340197,1,0,1,0,-0.1878626384916315
2020-06-01,18.39466293318323,-43.341321465251625,-6.857142857142861,1.378579003181324,19.03835998457294,-2.167050129616356,10.899542803867098,3.525053202472561,-23.48271808939369,1,0,1,0,0.6121384217067538
2020-07-01,6.264682850430692,72.56797583081568,7.975460122699385,0.9414225941422716,19.03835998457294,-0.8243503809300057,6.434865965969934,1.480227346286256,-23.48271808939369,1,0,1,0,1.7461051213959244
2020-08-01,4.003930238270703,34.138655462184886,30.68181818181817,0.6735751295336767,-8.51900393184797,-1.4699651579490935,2.027223059589572,0.8845621806379489,-2.260752612159989,1,0,1,0,1.3988521474886273
2020-09-01,-6.400566839867738,6.264682850430692,-16.521739130434774,0.6176016469377155,5.515759312320911,-0.5149536069412597,1.3642702567056586,-1.8684882129927471,-10.40449707813844,1,0,0,0,0.2209889096306483
2020-10-01,-0.5803684077719029,4.003930238270703,24.479166666666675,0.5115089514066584,4.752206381534285,-0.484187619397447,1.6350637092577467,3.5409345965623507,5.820198432095836,0,0,0,0,1.6281102926933857
2020-11-01,3.908629441624356,-6.400566839867738,9.205020920502085,0.916030534351142,0.0,-1.4522516693324272,0.8307225770366022,-4.036858765899898,4.48899784939626,0,0,0,0,0.3840745071576057
2020-12-01,14.851001465559378,-0.5803684077719029,-1.1494252873563091,1.1094301563287834,4.601425793907965,-1.927446584952752,4.029110737288292,1.7781618724135972,10.942372023935022,0,0,0,0,0.2487753663124925
2021-01-01,10.5912377711612,3.908629441624356,5.038759689922467,2.14463840399004,0.6195786864931829,-0.3681366898968918,5.539109435038453,1.257614515866856,-4.259763694398178,0,1,0,0,0.3461312841869901
2021-02-01,13.538461538461544,14.851001465559378,39.57722152690853,2.83203125,-13.916256157635464,0.4751936241661258,6.039348750762144,1.6497163262282344,2.9472237673003434,0,1,0,0,-3.142219169378775
2021-03-01,5.572493224932251,10.5912377711612,-31.223174214606278,2.089268755935425,19.03835998457294,1.1780267518928689,5.277224649377659,4.511337559845119,-7.9659683135292925,0,1,1,0,2.8935657335787144
2021-04-01,-0.9786619605326452,13.538461538461544,1.526717557251911,1.3488372093023226,-11.789099526066348,-0.6214734202531824,1.750171420175554,-3.913930535717936,-6.551155185464896,0,1,1,0,2.8935657335787144
2021-05-01,5.589760207388217,5.572493224932251,9.398496240601496,2.888723008535649,7.45466756212223,-1.2607542734698771,1.8412043160205684,-2.692301877855008,6.568422167920862,0,1,1,0,2.473824574281558
2021-06-01,9.528924351695544,-0.9786619605326452,12.027491408934686,1.7785682525566893,4.000000000000004,0.328583756581402,4.895273230372286,1.2839829107567535,3.939164144307327,0,1,1,0,0.45938438599189
2021-07-01,1.5550574390585492,5.589760207388217,17.791411042944794,1.2887723896898071,-3.846153846153844,1.331470046071015,3.945009505691927,-1.5107538333930304,-7.973866912636994,0,1,1,0,-0.4286065829475771
2021-08-01,-6.60780797351358,9.528924351695544,5.989583333333348,0.6750053914168719,-0.2499999999999946,0.30002419783417,2.507276078403222,-0.7121701401273661,-8.16286541257213,0,1,1,0,-1.3711398986920975
2021-09-01,5.834564254062036,1.5550574390585492,26.781326781326783,0.9695178116230664,-1.253132832080206,0.0363406822569745,2.5577398877393804,-2.4297004890110663,12.442372227575616,0,1,0,0,-2.237324720371414
2021-10-01,13.719469644103269,-6.60780797351358,6.782945736434098,2.0311611605665414,0.6979695431472033,0.5462948764999309,7.096005918825032,0.6204666816999826,7.884905390041231,0,1,0,0,1.7963908709196064
2021-11-01,-2.859597447226314,5.834564254062036,-8.34845735027223,1.173559561682569,7.561436672967869,0.8121003842728625,5.13659744707851,-1.360967369670596,-16.57906709132958,0,1,0,0,-0.1138989421970326
2021-12-01,-9.399873657612146,13.719469644103269,-25.544554455445542,-0.8011114445079293,0.2343292325717616,0.7085351315202271,5.102865208226995,-1.8313514175674728,-6.540276210385832,0,1,0,0,0.1308006827835273
2022-01-01,16.050760005578034,-2.859597447226314,16.48936170212767,2.1194341545881734,-1.0520163646990044,-0.6625457929870571,5.836645726214121,-0.0950699712185976,25.45063366319018,0,1,0,0,-1.8415038088800408
2022-02-01,10.117760153809186,-9.399873657612146,7.077625570776269,2.518532945429764,2.1854695806261093,-0.0343696362925638,10.004843826867091,3.0610051131982896,-5.932999851768848,0,1,0,0,-0.4096415711980827
2022-03-01,18.39466293318323,16.050760005578034,4.477611940298498,2.888723008535649,-1.7341040462427793,1.1244542731873697,12.872673899906538,-0.0249878830520522,8.280319287482829,0,1,1,0,-0.0510989829882957
2022-04-01,-6.1935483870967705,10.117760153809186,34.69387755102038,2.036813402355264,6.294117647058828,0.754965837571886,8.487614505855113,3.958337980453375,-23.48271808939369,0,1,1,0,-1.1296214206084845
2022-05-01,7.63411279229711,18.398079441292012,23.33333333333334,2.888723008535649,-14.443829551743226,2.157054899266808,4.2157205789761045,-2.2685740221865425,13.82766117939388,0,1,1,0,-0.0621741882728898
2022-06-01,4.828845276129634,-6.1935483870967705,-5.405405405405405,2.561747258015523,0.6468305304010435,0.2752961863766501,6.56912728856247,-0.5222087467137371,-2.805267516167476,0,1,1,0,-0.826219746939405
2022-07-01,-11.511668408220132,7.63411279229711,-5.454545454545457,-2.741552980959937,-11.18251928020566,2.2707555631235943,6.653788394591662,-3.185467832709976,-16.340513684349766,0,1,1,0,-0.3656212507517908
2022-08-01,-7.823263137177728,4.828845276129634,21.016483516483508,-1.001931877446982,10.85383502170767,-0.3531108666041116,10.69376609681246,-1.114935205984502,3.688405271042404,0,1,1,0,-0.2655598210899779
2022-09-01,-10.045905839649826,-11.511668408220132,-10.556186152099889,-0.6113984255006422,-3.3289817232376007,2.678963411155477,8.69022631082382,2.0922911331742844,-2.2226427024720987,0,1,0,0,-0.6182684524745796
2022-10-01,3.904581058628054,-7.823263137177728,-28.17258883248731,-1.0589851361339164,-2.363268062120194,1.5016608994335543,4.775398761709242,-1.309589176340753,13.95048689827788,0,1,0,0,-0.1158276065928443
2022-11-01,-3.6322101656196426,-10.045905839649826,-3.7102473498233257,-0.7183252157050624,-0.8298755186721962,-2.0613998498046016,1.868537752718409,-2.9966930490534227,-7.536791224247697,0,1,0,0,-0.2965686814657142
2022-12-01,-9.399075500770426,3.904581058628054,1.4678899082568808,-1.9988067959430975,-9.623430962343091,-2.0971841290853943,5.721733420331103,4.120326714856071,-5.766865335150783,0,1,0,0,-3.142219169378775
2023-01-01,2.197802197802212,-3.6322101656196426,-31.223174214606278,0.9034614594198408,4.783950617283961,-1.983291927694375,4.178711922750082,-0.4846158836493863,11.596877698572635,0,0,0,0,2.8935657335787144
2023-02-01,-1.651305683563753,-9.399075500770426,-27.217125382263,-0.5987080510477361,2.72459499263622,0.4159155444999785,0.8792610533852858,3.926869791250565,-3.849107881365965,0,0,0,0,2.063150923644863
2023-03-01,-4.62059091500715,2.197802197802212,-2.941176470588225,-0.6212572824729534,-2.078853046594986,0.362933473287419,2.5063984785611098,-1.3625877099903594,-2.969285231443397,0,0,1,0,-0.085420418354698
2023-04-01,8.419759825327521,-1.651305683563753,-6.493506493506485,-0.0599077265406755,-1.68374816983895,-1.2421780458445664,3.096659490483279,0.7222261238467587,13.04035074033467,0,0,1,0,0.9028190231140432
2023-05-01,-9.905601006922591,-4.62059091500715,-0.4629629629629761,-1.2603733632273184,19.03835998457294,0.3221175549365629,4.141171331881839,-2.724254774285906,-18.325360832250112,0,0,1,0,-1.0398590573954205
2023-06-01,-1.8580609108689528,8.419759825327521,1.3953488372093092,0.074900461229177,-11.746426351771287,-0.2777766740792664,4.972353567476868,-0.8030713029033909,8.047540096053641,0,0,1,0,0.2767175474325256
2023-07-01,8.284697508896777,-9.905601006922591,16.972477064220158,-0.0098479476877022,3.0985915492957705,-1.0459507607267438,3.049628392662479,-1.5341872663462652,10.14275841976573,0,0,1,0,-0.1785644648505058
2023-08-01,6.993558564480096,-1.8580609108689528,1.176470588235312,1.5147635274883386,-9.767759562841526,1.5308730274262938,5.57186982379644,2.2977970358422084,-1.291138944416681,0,0,1,0,0.5571102233169922
2023-09-01,9.878363435311478,8.284697508896777,2.3255813953488413,0.4866501086619124,3.633610900832696,1.4927721446253317,6.725989394381613,1.0205901851609522,2.884804870831382,0,0,0,0,0.6769128846549011
2023-10-01,-4.237951470423806,6.993558564480096,12.878787878787868,-1.4451559084554422,0.8035062089116085,1.5221419307783757,4.022192602714857,-0.3241961773108093,-14.116314905735283,0,0,0,0,-0.5809667139888952
2023-11-01,-9.283045305931816,9.878363435311478,-9.060402684563762,-0.9153891971535156,10.28985507246376,-1.8421701738937424,5.991580203363221,0.6169919098543586,-5.045093835508008,0,0,0,0,-0.0914182286926634
2023-12-01,-7.45269661475092,-4.237951470423806,-7.011070110701101,-1.1824912202992977,-1.182654402102501,-1.1458139818046331,6.898238905691819,-0.554899759649008,1.8303486911808944,0,0,0,0,0.6287559220628847
2024-01-01,3.129346314325443,-9.283045305931816,26.190476190476183,0.5763089015712319,-8.377659574468089,0.3289717208921905,2.9188525142596804,-0.78590484120169,10.582042929076362,0,0,0,0,-2.075645756457556
2024-02-01,4.180714767363436,-7.45269661475092,-31.223174214606278,1.440474958815141,12.844702467343971,0.6974975388891025,2.6862303202319384,3.327406235237118,1.051368453037993,0,0,0,0,2.106361831088499
2024-03-01,5.216828478964408,3.129346314325443,-13.372093023255816,0.0662937479896097,-15.901856675757898,-0.3362685381756991,3.5750944043479693,-3.0954253874443505,1.0361137116009722,0,0,1,0,-0.107301370531132
2024-04-01,5.007381889763773,4.180714767363436,7.38255033557047,0.7381563731158947,6.32228218966846,1.2298977721180604,4.050016460871931,2.004029915651173,-0.2094465892006347,0,0,1,0,0.1681436453298213
2024-05-01,-6.244874048037497,5.216828478964408,32.49999999999999,-0.647915385752873,-3.62581580855692,-0.2329017310176429,2.785719536014644,-1.1806195594361024,-11.25225593780127,0,0,1,0,1.0753081267053988
2024-06-01,-0.3124218945263712,5.007381889763773,19.811320754716988,0.2353973358191652,-0.8276899924755443,1.519090137341106,3.1519253375252427,-0.1057869392826371,5.932452153511125,0,0,1,0,0.4095124230154789
2024-07-01,2.5448163469976137,-6.244874048037497,-18.50393700787403,0.549794071445886,-3.7177541729893737,-0.2643633992437944,1.1069326989479662,1.7982941485462645,2.857238241523985,0,0,1,0,-0.0331196730858129
2024-08-01,-6.259168704156471,-0.3124218945263712,-3.864734299516903,-0.7220553316674594,9.85027580772262,-0.6230185407264388,2.5782229021815515,-1.8906831447490613,-8.803985051154084,0,0,1,0,0.0719665690763982
2024-09-01,-8.398539384454896,2.5448163469976137,14.572864321608026,-1.088611658048333,-2.654232424677183,-0.5944569537531197,5.792546935502549,-2.1775621400247025,-2.139370680298425,0,0,0,0,0.2723561053576961
2024-10-01,2.491457858769941,-6.259168704156471,-3.50877192982455,0.1579059845972397,0.9579955784819516,1.4033211173700932,3.329969969834538,3.750230674627364,10.889997243224837,0,0,0,0,0.6761980096098075
2024-11-01,-2.833726906514777,-8.398539384454896,-3.6363636363636376,0.0513669536630567,-5.109489051094895,2.1975318906058527,1.103645474476765,-1.9581569487330583,-5.325184765284718,0,0,0,0,0.9602732994086872
2024-12-01,0.2430307362401684,2.491457858769941,39.57722152690853,0.0837246407146663,14.923076923076929,1.0010535411055788,1.1319157801413673,0.099025074798742,3.076757642754946,0,0,0,0,0.1973526675485892
2025-01-01,8.01483171705646,-2.833726906514777,37.2093023255814,1.5535290798388557,-9.43775100401606,0.9885664968354302,3.29487986629756,0.2386496803333249,7.771800980816291,0,0,0,0,-1.167190173545729
2025-02-01,-5.558489569580138,0.2430307362401684,1.4527845036319764,0.8307429281939616,10.19955654101996,-0.7459977780001403,2.923941403881588,3.0505133614328828,-13.5733212866366,0,0,0,0,1.4566705183523432
2025-03-01,-4.599468754368807,8.01483171705646,-1.670644391408116,-0.3749547202675951,-9.72501676727029,-1.2768548220908116,3.759392681449104,-1.7090686660821364,0.9590208152113312,0,0,1,0,0.9317422378418704
2025-04-01,-6.887456037514649,-5.558489569580138,-16.990291262135926,-0.051445701576247,4.011887072808329,-1.6657098954137473,4.015681760299228,-1.6469058520475643,-2.287987283145842,0,0,1,0,-0.3096814152440563
2025-05-01,-2.156122127793514,-4.599468754368807,-8.771929824561397,0.1106845413170631,-7.928571428571429,-1.4483931033123176,3.1835985927877246,-0.5346464677875029,4.731333909721135,0,0,1,0,-1.36605444025939
2025-06-01,9.650957053241104,-6.887456037514649,-3.205128205128205,0.7008713535747058,6.982156710628384,-1.4290183184132998,3.144142702444233,0.4020452099701255,11.807079181034618,0,0,1,0,1.3075169677023268
2025-07-01,0.3227226052515686,-2.156122127793514,5.96026490066226,0.7167234184674465,3.843364757070344,-0.3990079188179951,3.5293247701696817,0.6282929422807171,-9.328234447989535,0,0,1,0,1.2869498986236572
2025-08-01,-5.161573329434132,9.650957053241104,-9.062499999999996,-0.0945273252578537,-9.846368715083798,0.3855978452788955,1.9775995550161147,-0.408810898083034,-5.484295934685701,0,0,1,0,-0.0045080473440872
2025-09-01,-1.3876040703052706,0.3227226052515686,2.061855670103085,-0.021365075731583,2.168861347792417,-0.4534747088840829,2.341502366715281,-0.8138703565684802,3.7739692591288616,0,0,0,0,-0.1708339208447151
2025-10-01,-4.799874921826142,-5.161573329434132,7.407407407407396,-0.5582818808337109,-3.487490523123582,0.6104672348597351,2.0814978581140173,1.3675709345132958,-3.412270851520871,0,0,0,0,-0.8429481759343105
2025-11-01,-1.3631138117917496,-1.3876040703052706,18.80877742946709,0.5076921305801063,3.6135113904163454,0.5431491304921598,2.0544180035555635,-0.7493158737404304,3.436761110034392,0,0,0,0,-0.7509842739048089
2025-12-01,-3.4798534798534897,-4.799874921826142,12.40105540897096,-0.2218285391387908,4.473085670962851,-1.012532580207426,1.5046261994262455,-0.6657686705999755,-2.11673966806174,0,0,0,0,-0.9159084540664164
2026-01-01,3.5708124892185555,-1.3631138117917496,39.57722152690853,0.8705368246643141,0.5079825834542806,-0.7975090304303101,1.2009301950293343,1.2155449847381372,7.050665969072045,0,0,0,1,0.2852643942738098
2026-02-01,7.445036642238523,-3.4798534798534897,-31.223174214606278,2.2552426330005204,-2.815884476534292,-1.1102835334287908,3.3425888170697777,2.421955513506713,3.8742241530199673,0,0,0,1,0.4954099414095747
2026-03-01,18.39466293318323,3.5708124892185555,-16.022099447513817,2.38394675629654,13.075780089153044,1.7079988577716865,16.951761953653477,-0.2689521504724679,25.643732000340197,0,0,1,1,0.6634825500960728
2026-04-01,9.783322390019688,7.445036642238523,-8.881578947368418,2.4353302244011443,-8.541392904073586,-0.7367723776728563,18.63811775189044,4.076714783622881,-23.48271808939369,0,0,1,1,-0.523713274752291
2026-05-01,1.8042264752791135,41.6524569834134,6.137184115523464,2.888723008535649,-15.445402298850574,-0.2160123781931977,5.755608858612113,4.804135061339684,-7.979095914740574,0,0,1,1,-0.8058161708060729
2026-06-01,1.8042264752791135,9.783322390019688,6.137184115523464,2.888723008535649,-15.445402298850574,0.7222591832302561,5.755608858612113,4.804135061339684,-7.979095914740574,0,0,1,1,-0.8058161708060729
