ds,y,crude_lag_2m,crude_lag_3m,natural_gas_price,all_commodity_ppi,housing_lag_3m,manufacturing_pmi,dollar_index,crude_ma_3m,crude_vol_6m,crude_x_housing,crude_x_commodity,gas_x_crude,resin_rsi,is_covid,is_post_covid_surge,is_construction_season,is_2026_shock
2000-01-01,133.2,27.26,27.26,2.42,128.3,1636.0,17284.0,100.00000454545456,28.82333333333333,2.115892246783849,48.04932,35.65608,0.6596920000000001,64.04109589041099,0,0,0,0
2000-02-01,135.7,27.26,27.26,2.66,129.8,1636.0,17284.0,100.00000454545456,28.82333333333333,2.115892246783849,48.04932,35.65608,0.781242,64.04109589041099,0,0,0,0
2000-03-01,139.4,27.26,27.26,2.79,130.8,1636.0,17302.0,100.00000454545456,28.82333333333333,2.115892246783849,48.04932,35.65608,0.832536,64.04109589041099,0,0,1,0
2000-04-01,143.7,29.37,27.26,3.04,130.7,1636.0,17299.0,100.00000454545456,28.31,2.115892246783849,48.04932,38.38659,0.781888,64.04109589041099,0,0,1,0
2000-05-01,147.4,29.84,29.37,3.59,131.6,1737.0,17278.0,100.00000454545456,28.116666666666664,2.115892246783849,51.832080000000005,39.26944,1.033561,64.04109589041099,0,0,1,0
2000-06-01,147.8,25.72,29.84,4.29,133.8,1604.0,17295.0,100.00000454545456,28.776666666666667,2.115892246783849,41.25488,34.413360000000004,1.365078,64.04109589041099,0,0,1,0
2000-07-01,146.4,28.79,25.72,3.99,133.7,1626.0,17322.0,100.00000454545456,30.10333333333333,1.9915387685572867,46.81254,38.49222999999999,1.18503,64.04109589041099,0,0,1,0
2000-08-01,146.3,31.82,28.79,4.43,132.9,1575.0,17287.0,100.00000454545456,30.926666666666662,2.164499172249016,50.1165,42.28878,1.384818,64.04109589041099,0,0,1,0
2000-09-01,142.4,29.7,31.82,5.06,134.7,1559.0,17229.0,100.00000454545456,31.613333333333333,2.814205038727636,46.3023,40.0059,1.714328,64.04109589041099,0,0,0,0
2000-10-01,140.7,31.26,29.7,5.02,135.4,1463.0,17217.0,100.00000454545456,32.75000000000001,1.947733725812304,45.73338,42.326040000000006,1.662122,64.04109589041099,0,0,0,0
2000-11-01,138.8,33.88,31.26,5.52,135.0,1541.0,17202.0,100.00000454545456,33.803333333333335,1.7716404827165164,52.20908,45.738,1.899984,64.04109589041099,0,0,0,0
2000-12-01,137.3,33.11,33.88,8.9,136.2,1507.0,17181.0,100.00000454545456,31.99,2.4040833318890344,49.89677,45.09582,2.5311600000000003,64.04109589041099,0,0,0,0
2001-01-01,137.8,34.42,33.11,8.17,140.0,1549.0,17105.0,100.00000454545456,30.816666666666663,2.42365564110636,53.31658,48.188,2.417503,64.04109589041099,0,0,0,0
2001-02-01,139.3,28.44,34.42,5.61,137.4,1551.0,17030.0,100.00000454545456,29.21333333333333,2.583264730271886,44.11044,39.07656,1.661121,64.04109589041099,0,0,0,0
2001-03-01,141.4,29.59,28.44,5.23,135.9,1532.0,16938.0,100.00000454545456,28.816666666666663,2.7766430571225165,45.33188,40.21281,1.425175,64.04109589041099,0,0,1,0
2001-04-01,141.9,29.61,29.59,5.19,136.4,1600.0,16802.0,100.00000454545456,28.116666666666664,2.6247336372795385,47.376,40.38804,1.426731,61.39705882352944,0,0,1,0
2001-05-01,139.9,27.25,29.61,4.19,136.8,1625.0,16660.0,100.00000454545456,27.790000000000003,1.002325629058076,44.28125,37.278,1.199597,50.98039215686275,0,0,1,0
2001-06-01,137.6,27.49,27.25,3.72,135.5,1590.0,16513.0,100.00000454545456,27.906666666666663,1.069100868331266,43.7091,37.24895,1.02672,37.02127659574471,0,0,1,0
2001-07-01,135.1,28.63,27.49,3.11,133.4,1649.0,16381.0,100.00000454545456,27.55333333333333,1.1201026738652118,47.21086999999999,38.19242,0.821973,22.421524663677133,0,0,1,0
2001-08-01,131.3,27.6,28.63,2.97,133.4,1605.0,16233.0,100.00000454545456,27.133333333333336,0.7074578903840579,44.298,36.8184,0.8128890000000001,17.898832684824896,0,0,1,0
2001-09-01,126.8,26.43,27.6,2.19,133.3,1636.0,16116.0,100.00000454545456,26.666666666666668,0.8792875904200295,43.23947999999999,35.23119,0.57378,15.972222222222214,0,0,0,0
2001-10-01,128.3,27.37,26.43,2.46,130.3,1670.0,15973.0,100.00000454545456,25.24666666666667,2.2488930610413624,45.7079,35.66311,0.545382,20.19867549668875,0,0,0,0
2001-11-01,126.6,26.2,27.37,2.34,129.8,1567.0,15825.0,100.00000454545456,22.67,3.24167497856689,41.0554,34.007600000000004,0.459576,21.78571428571429,0,0,0,0
2001-12-01,123.9,22.17,26.2,2.3,128.1,1562.0,15712.0,100.00000454545456,20.4,3.589031438517449,34.62954,28.399770000000004,0.44597,21.03448275862073,0,0,0,0
2002-01-01,122.0,19.64,22.17,2.32,128.5,1540.0,15588.0,100.00000454545456,19.58333333333333,3.551127989808302,30.245600000000003,25.2374,0.4575039999999999,21.034482758620697,0,0,0,0
2002-02-01,121.3,19.39,19.64,2.32,128.4,1602.0,15518.0,100.00000454545456,19.94333333333333,2.607801117161085,31.062780000000004,24.896760000000004,0.4807039999999999,21.63120567375887,0,0,0,0
2002-03-01,123.1,19.72,19.39,3.03,129.8,1568.0,15443.0,100.00000454545456,21.656666666666663,1.99917399609604,30.92096,25.59656,0.743259,25.08474576271186,0,0,1,0
2002-04-01,125.4,20.72,19.72,3.43,130.8,1698.0,15392.0,100.00000454545456,23.81,2.916838471130448,35.182559999999995,27.10176,0.8979739999999999,27.06270627062709,0,0,1,0
2002-05-01,128.0,24.53,20.72,3.5,130.8,1829.0,15338.0,100.00000454545456,25.916666666666668,3.3980700404788524,44.865370000000006,32.085240000000006,0.9464,28.246753246753272,0,0,1,0
2002-06-01,130.1,26.18,24.53,3.26,130.9,1642.0,15297.0,100.00000454545456,26.246666666666663,3.0215255528733542,42.98756,34.26962,0.831952,31.790123456790127,0,0,1,0
2002-07-01,135.3,27.04,26.18,2.99,131.2,1592.0,15256.0,100.00000454545456,26.51,2.3702742457361285,43.04768,35.476479999999995,0.806403,43.53932584269665,0,0,1,0
2002-08-01,136.4,25.52,27.04,3.09,131.5,1764.0,15171.0,100.00000454545456,26.96,1.3420494278031083,45.01728,33.5588,0.877251,48.25581395348839,0,0,1,0
2002-09-01,136.7,26.97,25.52,3.55,132.3,1717.0,15119.0,100.00000454545456,28.340000000000003,1.5070987581000332,46.30749,35.68131,1.05293,52.48447204968943,0,0,0,0
2002-10-01,138.2,28.39,26.97,4.13,133.2,1655.0,15059.0,100.00000454545456,28.96333333333333,1.505332742840156,46.98545000000001,37.81548,1.191092,61.53846153846149,0,0,0,0
2002-11-01,137.0,29.66,28.39,4.04,133.1,1633.0,14992.0,100.00000454545456,28.28333333333333,1.593002406359345,48.43478,39.47746,1.06454,69.17293233082707,0,0,0,0
2002-12-01,135.3,28.84,29.66,4.74,132.9,1804.0,14911.0,100.00000454545456,28.21666666666667,1.3463642399687656,52.02736,38.32836,1.396404,63.05970149253732,0,0,0,0
2003-01-01,137.2,26.35,28.84,5.43,135.3,1648.0,14867.0,100.00000454545456,29.58666666666667,2.1548155373488505,43.424800000000005,35.65155000000001,1.789185,69.62962962962966,0,0,0,0
2003-02-01,141.8,29.46,26.35,7.71,137.6,1753.0,14780.0,100.00000454545456,32.74666666666667,3.351875594350127,51.64338000000001,40.53696,2.762493,80.96885813148792,0,0,0,0
2003-03-01,149.6,32.95,29.46,5.93,141.2,1788.0,14721.0,100.00000454545456,34.096666666666664,3.5197708258729983,58.91460000000001,46.5254,1.987143,89.65517241379314,0,0,1,0
2003-04-01,153.2,35.83,32.95,5.26,136.8,1853.0,14608.0,100.00000454545456,32.50333333333333,3.61724619012862,66.39299,49.01544,1.481742,92.30769230769236,0,0,1,0
2003-05-01,152.4,33.51,35.83,5.81,136.7,1629.0,14558.0,100.00000454545456,29.93,3.208653403947938,54.58778999999999,45.80816999999999,1.6331909999999998,89.91825613079028,0,0,1,0
2003-06-01,149.2,28.17,33.51,5.82,138.0,1726.0,14493.0,100.00000454545456,28.98,3.1038454643662106,48.62142000000001,38.8746,1.784412,81.64893617021279,0,0,1,0
2003-07-01,144.9,28.11,28.17,5.03,137.7,1643.0,14403.0,100.00000454545456,29.843333333333334,3.032587454083837,46.18473,38.70747,1.547228,71.5012722646311,0,0,1,0
2003-08-01,143.6,30.66,28.11,4.99,138.0,1751.0,14376.0,100.00000454545456,30.99666666666667,2.070320426085461,53.685660000000006,42.3108,1.575343,67.53246753246756,0,0,1,0
2003-09-01,144.9,30.76,30.66,4.62,138.5,1867.0,14346.0,100.00000454545456,30.21333333333333,1.5671077393295825,57.428920000000005,42.6026,1.307922,63.872832369942216,0,0,0,0
2003-10-01,146.2,31.57,30.76,4.63,139.3,1897.0,14334.0,100.00000454545456,30.07333333333333,1.4150253236838846,59.88829,43.97701,1.404742,64.08045977011494,0,0,0,0
2003-11-01,145.8,28.31,31.57,4.47,138.9,1833.0,14316.0,100.00000454545456,29.92,1.1332681353795722,51.89223,39.32259,1.390617,63.03724928366768,0,0,0,0
2003-12-01,144.0,30.34,28.31,6.13,139.5,1939.0,14299.0,100.00000454545456,31.19333333333333,1.3277901440614397,58.829260000000005,42.3243,1.969569,58.2386363636364,0,0,0,0
2004-01-01,146.2,31.11,30.34,6.14,141.4,1967.0,14291.0,100.00000454545456,32.51666666666667,1.9859279946664852,61.19337,43.98954,2.106634,62.707182320442,0,0,0,0
2004-02-01,150.4,32.13,31.11,5.37,142.1,2083.0,14279.0,100.00000454545456,33.71,2.430948374606104,66.92679000000001,45.65673,1.862853,69.50904392764859,0,0,0,0
2004-03-01,151.4,34.31,32.13,5.39,143.1,2057.0,14287.0,100.00000454545456,35.24666666666667,2.436144494893537,70.57567,49.09761,1.980286,68.78306878306881,0,0,1,0
2004-04-01,154.8,34.69,34.31,5.71,144.8,1911.0,14315.0,100.00000454545456,36.06,2.323466519377193,66.29258999999999,50.23112,2.098425,67.75956284153007,0,0,1,0
2004-05-01,156.5,36.74,34.69,6.33,146.8,1846.0,14342.0,100.00000454545456,37.92333333333334,2.784813578440537,67.82204,53.93432000000001,2.5497240000000003,61.31147540983609,0,0,1,0
2004-06-01,159.6,36.75,36.74,6.27,147.2,1998.0,14334.0,100.00000454545456,38.35333333333333,2.2037059694977774,73.4265,54.096,2.384481,60.666666666666686,0,0,1,0
2004-07-01,161.1,40.28,36.75,5.93,147.4,2003.0,14331.0,100.00000454545456,39.696666666666665,2.321425567763657,80.68084,59.37272000000001,2.418254,64.16938110749184,0,0,1,0
2004-08-01,164.9,38.03,40.28,5.41,148.0,1981.0,14345.0,100.00000454545456,41.23666666666667,3.121198487760776,75.33743000000001,56.284400000000005,2.42909,75.07987220447289,0,0,1,0
2004-09-01,170.6,40.78,38.03,5.15,147.7,1828.0,14332.0,100.00000454545456,43.873333333333335,3.660238607887037,74.54584,60.23206,2.36591,89.29663608562691,0,0,0,0
2004-10-01,175.6,44.9,40.78,6.35,150.0,2002.0,14332.0,100.00000454545456,48.04,5.485174260373761,89.88980000000001,67.35,3.38328,93.95604395604398,0,0,0,0
2004-11-01,181.4,45.94,44.9,6.17,151.4,2024.0,14306.0,100.00000454545456,49.23,5.432412600922986,92.98256,69.55315999999999,2.990599,94.62102689486557,0,0,0,0
2004-12-01,185.2,53.28,45.94,6.58,150.2,1905.0,14285.0,100.00000454545456,48.29999999999999,4.373527942824517,101.4984,80.02656,2.8392700000000004,94.9308755760369,0,0,0,0
2005-01-01,190.3,48.47,53.28,6.15,150.9,2072.0,14257.0,100.00000454545456,46.15333333333333,3.519230976600834,100.42984,73.14123000000001,2.88066,96.25779625779624,0,0,0,0
2005-02-01,190.8,43.15,48.47,6.14,151.6,1782.0,14272.0,100.00000454545456,46.04666666666666,3.3600203372400683,76.8933,65.4154,2.9564099999999995,96.02784602784601,0,0,0,0
2005-03-01,192.1,46.84,43.15,6.96,153.7,2042.0,14268.0,100.00000454545456,49.72666666666667,4.126619278133963,95.64728,71.99308,3.771624,95.79789579789579,0,0,1,0
2005-04-01,192.3,48.15,46.84,7.16,155.0,2144.0,14249.0,100.00000454545456,51.77333333333333,4.065954582464844,103.2336,74.6325,3.793368,95.56794556794557,0,0,1,0
2005-05-01,190.3,54.19,48.15,6.47,154.3,2207.0,14255.0,100.00000454545456,52.333333333333336,4.070857403545375,119.59733,83.61516999999999,3.2240009999999995,95.33799533799534,0,0,1,0
2005-06-01,186.3,52.98,54.19,7.18,154.3,1864.0,14227.0,100.00000454545456,53.053333333333335,3.704143625725143,98.75472,81.74814,4.04593,86.20689655172414,0,0,1,0
2005-07-01,185.0,49.83,52.98,7.63,156.3,2061.0,14225.0,100.00000454545456,55.06,4.029112391912999,102.69962999999998,77.88429000000001,4.5017000000000005,83.0626450116009,0,0,1,0
2005-08-01,183.4,56.35,49.83,9.53,157.6,2025.0,14200.0,100.00000454545456,60.11333333333332,5.2935570901490125,114.10875,88.80760000000001,6.193546999999999,78.60576923076923,0,0,1,0
2005-09-01,188.2,59.0,56.35,11.75,162.2,2068.0,14173.0,100.00000454545456,63.19333333333333,6.356866104195282,122.012,95.698,7.706825,80.17817371937639,0,0,0,0
2005-10-01,203.9,64.99,59.0,13.42,166.2,2054.0,14189.0,100.00000454545456,64.28,5.972500313938899,133.48945999999998,108.01337999999998,8.355291999999999,84.33098591549295,0,0,0,0
2005-11-01,208.6,65.59,64.99,10.3,163.7,2095.0,14184.0,100.00000454545456,62.056666666666665,3.777230466889763,137.41105000000002,107.37083,6.00696,84.05017921146953,0,0,0,0
2005-12-01,205.2,62.26,65.59,13.05,163.0,2151.0,14189.0,100.00000454545456,59.99666666666666,3.1674011428930617,133.92126000000002,101.4838,7.753004999999999,77.30627306273061,0,0,0,0
2006-01-01,203.9,58.32,62.26,8.69,164.3,2065.0,14208.0,100.00000454545456,61.07333333333332,3.211826064198832,120.4308,95.81976,5.691081,72.63581488933602,0,0,0,0
2006-02-01,200.0,59.41,58.32,7.54,161.8,2147.0,14208.0,100.21117,62.176666666666655,3.014681851649846,127.55326999999998,96.12538,4.646902,64.85943775100402,0,0,0,0
2006-03-01,198.9,65.49,59.41,6.89,162.2,1994.0,14210.0,100.42808695652174,63.26999999999999,2.54183136078437,130.58705999999998,106.22478,4.319341,59.3886462882096,0,0,1,0
2006-04-01,194.3,61.63,65.49,7.16,164.3,2273.0,14223.0,99.74348,64.58666666666666,4.105211322209892,140.08499000000003,101.25809,4.971904,53.50701402805611,0,0,1,0
2006-05-01,195.9,62.69,61.63,6.25,165.8,2119.0,14200.0,97.51177391304348,67.65666666666665,4.515722164467945,132.84010999999998,103.94002,4.4275,53.784860557768944,0,0,1,0
2006-06-01,198.5,69.44,62.69,6.21,166.1,1969.0,14210.0,98.69272272727272,70.41,4.143457493446808,136.72735999999998,115.33983999999998,4.405995000000001,55.893536121672994,0,0,1,0
2006-07-01,199.2,70.84,69.44,6.17,166.8,1821.0,14185.0,98.4387142857143,72.06666666666666,5.0608800288751405,128.99964,118.16112,4.591097,58.67446393762182,0,0,1,0
2006-08-01,202.3,70.95,70.84,7.14,167.9,1942.0,14154.0,97.7137652173913,72.8,4.0923021230925,137.7849,119.12505000000002,5.215056000000001,65.87301587301587,0,0,1,0
2006-09-01,202.4,74.41,70.95,4.9,165.4,1802.0,14120.0,97.98136190476193,70.41666666666667,3.6885317765565455,134.08682000000002,123.07414,3.1262,67.68292682926831,0,0,0,0
2006-10-01,200.0,73.04,74.41,5.85,162.2,1737.0,14068.0,98.31565454545454,65.24333333333333,6.021889238436773,126.87048,118.47088,3.445065,66.6,0,0,0,0
2006-11-01,196.2,63.8,73.04,7.41,164.6,1650.0,14034.0,97.5132818181818,60.59,7.00246456613673,105.27,105.0148,4.377828,58.16326530612245,0,0,0,0
2006-12-01,189.1,58.89,63.8,6.73,165.6,1720.0,14009.0,96.79507142857145,59.97666666666666,6.870483728724419,101.2908,97.52184,4.169908,31.68316831683165,0,0,0,0
2007-01-01,187.6,59.08,58.89,6.55,164.0,1491.0,14004.0,97.83377727272727,58.51666666666666,6.314038327409809,88.08828,96.89119999999998,3.570405,21.77419354838709,0,0,0,0
2007-02-01,185.5,61.96,59.08,8.0,166.8,1570.0,13993.0,97.476425,58.583333333333336,3.1620731596005984,97.2772,103.34928000000002,4.7424,22.56267409470752,0,0,0,0
2007-03-01,187.0,54.51,61.96,7.11,169.3,1649.0,13964.0,97.01175454545456,58.076666666666654,2.4935089064742613,89.88699,92.28543,4.297284,26.59279778393352,0,0,1,0
2007-04-01,192.1,59.28,54.51,7.6,171.4,1409.0,13939.0,95.6322,61.23333333333333,3.202709790162056,83.52552,101.60592,4.86248,39.41018766756031,0,0,1,0
2007-05-01,193.8,60.44,59.28,7.64,173.3,1480.0,13922.0,94.72254782608697,62.626666666666665,3.4730260580652077,89.4512,104.74252,4.848344,43.2717678100264,0,0,1,0
2007-06-01,196.9,63.98,60.44,7.35,173.8,1495.0,13903.0,94.44490952380951,64.97666666666666,4.489541921696097,95.6501,111.19724,4.960514999999999,53.57142857142856,0,0,1,0
2007-07-01,198.6,63.46,63.98,6.22,175.1,1490.0,13881.0,93.20591363636365,68.35666666666667,5.404560111609485,94.5554,111.11846,4.610264,53.698630136986296,0,0,1,0
2007-08-01,198.7,67.49,63.46,6.22,172.4,1415.0,13821.0,93.76029565217392,71.32333333333332,5.373005676527853,95.49835,116.35276,4.500792,50.29411764705881,0,0,1,0
2007-09-01,198.0,74.12,67.49,6.08,173.5,1448.0,13784.0,92.436595,75.46666666666665,6.418219119558593,107.32576,128.59820000000002,4.859136,48.23529411764708,0,0,0,0
2007-10-01,199.3,72.36,74.12,6.74,174.7,1354.0,13756.0,90.40017826086957,79.36,8.128243147609924,97.97544,126.41292,5.782920000000001,45.3416149068323,0,0,0,0
2007-11-01,205.9,79.92,72.36,7.1,179.0,1330.0,13751.0,89.05299545454545,86.83,9.961206084941123,106.2936,143.0568,6.728669999999999,54.521963824289415,0,0,0,0
2007-12-01,207.5,85.8,79.92,7.11,178.6,1183.0,13739.0,90.00495714285714,90.75333333333332,9.201812864865367,101.5014,153.2388,6.519158999999999,59.89445910290238,0,0,0,0
2008-01-01,209.7,94.77,85.8,7.99,181.0,1264.0,13717.0,89.39711739130435,93.14333333333332,8.724057351179486,119.78928,171.53369999999998,7.428303,68.59504132231407,0,0,0,0
2008-02-01,209.6,91.69,94.77,8.54,182.7,1197.0,13690.0,88.6434380952381,93.35,6.044498324923466,109.75293,167.51763,8.146306,84.98293515358367,0,0,0,0
2008-03-01,210.8,92.97,91.69,9.41,187.9,1037.0,13650.0,86.83986666666667,97.93666666666668,6.427291031220164,96.40989,174.69063000000003,9.922845,90.00000000000007,0,0,1,0
2008-04-01,212.1,95.39,92.97,10.18,190.9,1084.0,13589.0,86.54753636363635,104.47333333333331,8.324908207702377,103.40276,182.09951,11.460644,97.16312056737594,0,0,1,0
2008-05-01,216.4,105.45,95.39,11.27,196.6,1103.0,13555.0,86.82446363636363,114.47666666666667,13.273755560001511,116.31135,207.3147,14.13258,97.41935483870974,0,0,1,0
2008-06-01,219.1,112.58,105.45,12.69,200.5,1005.0,13494.0,87.07280476190476,123.95333333333332,16.327205210935677,113.1429,225.7229,16.989372,97.20279720279726,0,0,1,0
2008-07-01,229.2,125.4,112.58,11.09,205.5,1013.0,13419.0,86.45375652173914,130.88333333333333,15.752088644578937,127.0302,257.697,14.790733,97.83783783783788,0,0,1,0
2008-08-01,233.3,133.88,125.4,8.26,199.0,973.0,13348.0,88.94499523809525,127.97333333333334,11.570785193754416,130.26523999999998,266.4212,9.636942,97.8947368421053,0,0,1,0
2008-09-01,227.1,133.37,133.88,7.67,196.9,1046.0,13267.0,91.26510909090908,118.05,11.943104147024467,139.50502000000003,262.60553,7.985237,83.52941176470588,0,0,0,0
2008-10-01,222.3,116.67,133.37,6.74,186.4,923.0,13138.0,98.04,99.13,21.89631993433308,107.68641,217.47288,5.163514,75.00000000000003,0,0,0,0
2008-11-01,200.3,104.11,116.67,6.68,176.8,844.0,13026.0,100.76666,79.34333333333332,31.130114305390386,87.86883999999999,184.06648,3.828308,51.67883211678833,0,0,0,0
2008-12-01,190.3,76.61,104.11,5.82,170.9,820.0,12842.0,99.66224782608695,58.34666666666666,35.802358814283025,62.8202,130.92649,2.393184,44.17098445595855,0,0,0,0
2009-01-01,184.6,57.31,76.61,5.24,171.2,777.0,12552.0,100.35208421052631,46.71333333333333,32.02958283628852,44.52987,98.11472,2.185604,36.04193971166448,0,0,0,0
2009-02-01,190.1,41.12,57.31,4.52,169.3,652.0,12371.0,102.97372631578948,40.64,25.911489665140195,26.81024,69.61616,1.766868,39.15211970074813,0,0,0,0
2009-03-01,188.6,41.71,41.12,3.96,168.1,560.0,12196.0,103.43974545454545,42.91333333333333,14.35267919240167,23.3576,70.11451,1.898424,36.72955974842768,0,0,1,0
2009-04-01,183.5,39.09,41.71,3.5,169.1,490.0,12017.0,100.71618636363635,45.56,6.8535645226893545,19.154100000000003,66.10119,1.73775,34.55621301775149,0,0,1,0
2009-05-01,185.9,47.94,39.09,3.83,170.8,582.0,11850.0,97.55188,52.20666666666667,7.42641681207473,27.90108,81.88152,2.260849,35.47257876312719,0,0,1,0
2009-06-01,185.9,49.65,47.94,3.8,174.1,505.0,11713.0,96.04261818181818,59.44,11.411235983304636,25.07325,86.44064999999999,2.64632,34.478672985782,0,0,1,0
2009-07-01,194.4,59.03,49.65,3.38,172.5,478.0,11654.0,95.66055909090908,64.27333333333333,11.36525875933614,28.21634,101.82675,2.16827,37.584650112866825,0,0,1,0
2009-08-01,194.5,69.64,59.03,3.14,175.0,540.0,11612.0,94.37304285714286,68.27999999999999,9.852982627949135,37.6056,121.87,2.23097,35.69767441860465,0,0,1,0
2009-09-01,196.4,64.15,69.64,2.99,174.1,585.0,11580.0,93.6638,68.20333333333333,8.261177680371471,37.52775,111.68515,2.075359,28.920308483290512,0,0,0,0
2009-10-01,194.5,71.05,64.15,4.01,175.2,594.0,11527.0,92.2597619047619,72.06,5.808533951580915,42.2037,124.4796,3.036372,24.338624338624346,0,0,0,0
2009-11-01,194.5,69.41,71.05,3.66,177.4,586.0,11498.0,91.7996105263158,74.37333333333332,4.935603981952815,40.67426,123.13334,2.854434,26.51296829971181,0,0,0,0
2009-12-01,196.8,75.72,69.41,5.35,178.1,585.0,11465.0,92.25861904761904,76.05999999999999,4.998969560486297,44.2962,134.85732,3.984145,30.94170403587445,0,0,0,0
2010-01-01,195.0,77.99,75.72,5.83,181.9,534.0,11447.0,92.4403,76.92999999999999,3.637272329645143,41.64666,141.86381,4.566639,44.3254817987152,0,0,0,0
2010-02-01,206.4,74.47,77.99,5.32,181.0,588.0,11439.0,93.88668,76.39666666666666,3.259421727853318,43.78836,134.7907,4.063948,66.73596673596671,0,0,0,0
2010-03-01,208.2,78.33,74.47,4.29,183.3,581.0,11439.0,93.14987826086956,78.64,2.369193955758485,45.50973,143.57889,3.48348,76.6968325791855,0,0,1,0
2010-04-01,222.4,76.39,78.33,4.03,184.4,614.0,11475.0,92.63908636363637,80.62666666666668,3.5023216109702675,46.90346,140.86316,3.3968870000000004,80.52930056710774,0,0,1,0
2010-05-01,213.1,81.2,76.39,4.14,184.8,604.0,11511.0,95.53064,79.74333333333334,4.076375841357448,49.0448,150.0576,3.052836,70.18121911037889,0,0,1,0
2010-06-01,208.1,84.29,81.2,4.8,183.5,636.0,11529.0,96.06062727272727,77.79,3.9357578685689822,53.60844,154.67215000000002,3.61632,70.29702970297028,0,0,1,0
2010-07-01,212.7,73.74,84.29,4.63,184.1,687.0,11546.0,94.45469047619048,75.13333333333333,4.0088751539556124,50.65938,135.75534,3.5336159999999994,71.33757961783436,0,0,1,0
2010-08-01,211.1,75.34,73.74,4.32,184.9,583.0,11538.0,93.68223181818183,76.08666666666666,3.9941544787354735,43.92322,139.30366,3.30912,69.56521739130433,0,0,1,0
2010-09-01,210.7,76.32,75.34,3.89,184.9,536.0,11549.0,92.76259523809524,76.05333333333333,3.747278568063658,40.90752,141.11568,2.926836,64.4760213143872,0,0,0,0
2010-10-01,215.0,76.6,76.32,3.43,186.6,546.0,11548.0,90.22912,77.90999999999998,2.815758630754626,41.8236,142.93559999999997,2.808827,66.94214876033055,0,0,0,0
2010-11-01,210.3,75.24,76.6,3.71,187.7,599.0,11571.0,90.509535,80.46,3.826798487857619,45.06876,141.22547999999998,3.125675,60.97946287519747,0,0,0,0
2010-12-01,208.4,81.89,75.24,4.25,189.7,594.0,11579.0,91.18347142857144,85.09666666666668,5.4978786818192855,48.64266000000001,155.34533,3.788875,60.97946287519747,0,0,0,0
2011-01-01,213.2,84.25,81.89,4.49,192.7,543.0,11606.0,90.11122,87.52333333333335,5.989690030933971,45.74775,162.34974999999997,4.003733,63.72980910425843,0,0,0,0
2011-02-01,218.8,89.15,84.25,4.09,195.8,545.0,11637.0,89.3966894736842,88.96666666666668,5.521357321046148,48.58675,174.55570000000003,3.622922,65.40616246498598,0,0,0,0
2011-03-01,223.2,89.17,89.15,3.97,199.2,539.0,11659.0,88.48722608695653,93.53666666666668,7.277916368485564,48.06263,177.62664,4.083542,69.05405405405405,0,0,1,0
2011-04-01,229.1,88.58,89.17,4.24,203.1,630.0,11689.0,86.92136666666667,100.32333333333334,9.908940743927692,55.8054,179.90597999999997,4.644072,66.56934306569343,0,0,1,0
2011-05-01,239.5,102.86,88.58,4.31,204.1,517.0,11697.0,86.94640476190476,104.43,8.942396584063493,53.17862,209.93726,4.348789999999999,70.29831387808042,0,0,1,0
2011-06-01,238.4,109.53,102.86,4.54,203.9,600.0,11710.0,86.94125454545454,102.23,8.180730203757518,65.718,223.33167,4.370204,62.50000000000001,0,0,1,0
2011-07-01,236.7,100.9,109.53,4.42,204.6,554.0,11729.0,86.31780499999999,98.15333333333336,7.043063017371817,55.89860000000001,206.4414,4.30066,70.92198581560282,0,0,1,0
2011-08-01,233.8,96.26,100.9,4.06,203.2,561.0,11748.0,86.89824347826087,93.29666666666668,7.748611918703284,54.00186,195.60032,3.504997999999999,73.66482504604053,0,0,1,0
2011-09-01,235.3,97.3,96.26,3.9,203.7,608.0,11752.0,89.72526666666667,89.71666666666665,9.079245930509344,59.1584,198.2001,3.33528,72.07031250000003,0,0,0,0
2011-10-01,229.2,86.33,97.3,3.57,201.1,623.0,11762.0,90.609845,86.05666666666666,6.808570334512498,53.78359,173.60963,3.0816239999999997,66.24775583482943,0,0,0,0
2011-11-01,231.5,85.52,86.33,3.24,201.4,585.0,11753.0,91.26488,89.66666666666667,5.960753028491471,50.0292,172.23728,3.147984,68.05555555555556,0,0,0,0
2011-12-01,227.2,86.32,85.52,3.17,199.8,650.0,11783.0,92.20559047619048,94.01333333333332,6.388138226432141,56.10799999999999,172.46736,3.124352,60.59027777777776,0,0,0,0
2012-01-01,232.0,97.16,86.32,2.67,200.7,610.0,11820.0,91.646265,98.66333333333334,6.981062956312856,59.2676,195.00012,2.6772089999999995,68.80415944540725,0,0,0,0
2012-02-01,234.9,98.56,97.16,2.51,201.6,711.0,11841.0,89.9605,100.34333333333332,7.241060005275723,70.07616,198.69696,2.56522,72.572402044293,0,0,0,0
2012-03-01,238.0,100.27,98.56,2.17,204.2,694.0,11880.0,90.51121363636364,102.87666666666668,6.717617881362682,69.58738,204.75134,2.303672,71.75438596491227,0,0,1,0
2012-04-01,239.6,102.2,100.27,1.95,203.7,723.0,11897.0,90.81560952380951,103.89333333333332,3.2928796921039085,73.8906,208.1814,2.01474,69.62264150943393,0,0,1,0
2012-05-01,238.7,106.16,102.2,2.43,201.9,704.0,11908.0,92.49278636363636,101.38,4.000382065087074,74.73664,214.33704,2.300238,65.65656565656565,0,0,1,0
2012-06-01,236.3,103.32,106.16,2.46,199.8,695.0,11918.0,93.88086666666666,93.42666666666666,8.662430182499032,71.8074,206.43336,2.02458,57.82608695652176,0,0,1,0
2012-07-01,233.8,94.66,103.32,2.95,200.1,753.0,11944.0,93.40616666666668,88.28666666666668,9.48994204408032,71.27897999999999,189.41466,2.59305,42.5196850393701,0,0,1,0
2012-08-01,234.8,82.3,94.66,2.84,202.7,708.0,11940.0,92.5282652173913,88.11,9.010553257153708,58.2684,166.82209999999998,2.673292,45.26315789473686,0,0,1,0
2012-09-01,231.8,87.9,82.3,2.85,204.4,757.0,11934.0,90.9802,92.18,7.114533482012006,66.5403,179.66760000000002,2.693535,43.76590330788808,0,0,0,0
2012-10-01,234.4,94.13,87.9,3.32,203.5,740.0,11941.0,90.75663,92.71,4.9311800480888754,69.6562,191.55455,2.971068,50.76923076923077,0,0,0,0
2012-11-01,234.2,94.51,94.13,3.54,201.8,754.0,11930.0,91.47508,90.17666666666668,4.66893421100252,71.26054,190.72118000000003,3.063162,48.54111405835541,0,0,0,0
2012-12-01,233.9,89.49,94.51,3.34,201.5,847.0,11939.0,90.88039,87.96,3.425148171977837,75.79803,180.32235,2.934524,57.366771159874645,0,0,0,0
2013-01-01,239.7,86.53,89.49,3.33,202.5,915.0,11962.0,90.82551428571428,89.71666666666665,3.690586222630476,79.17495,175.22325,3.155508,61.5819209039548,0,0,0,0
2013-02-01,244.1,87.86,86.53,3.33,204.3,833.0,11974.0,91.55087368421052,92.64333333333332,3.902455637160177,73.18738,179.49798,3.173823,73.80281690140848,0,0,0,0
2013-03-01,247.1,94.76,87.86,3.81,204.0,976.0,11977.0,92.41318,94.33666666666666,3.700429254379805,92.48576,193.3104,3.541014,72.40356083086056,0,0,1,0
2013-04-01,245.9,95.31,94.76,4.17,203.5,888.0,11978.0,92.04782272727272,93.42333333333332,3.616871576376917,84.63528,193.95585,3.837234,67.18750000000003,0,0,1,0
2013-05-01,244.6,92.94,95.31,4.04,204.1,962.0,11978.0,92.5289681818182,93.15666666666668,2.7581660573655387,89.40828,189.69054,3.818204,60.9271523178808,0,0,1,0
2013-06-01,245.4,92.02,92.94,3.83,204.3,1010.0,11982.0,93.283615,94.1,1.445315421169418,92.9402,187.99686000000003,3.667991,59.86394557823132,0,0,1,0
2013-07-01,244.4,94.51,92.02,3.62,204.4,835.0,11962.0,93.87238636363637,98.31666666666666,4.539176136701854,78.91585,193.17844,3.7890540000000006,59.66101694915258,0,0,1,0
2013-08-01,245.1,95.77,94.51,3.43,204.2,930.0,11992.0,93.71488636363635,102.33666666666666,6.262040136143358,89.06609999999999,195.56234,3.655351,65.82733812949638,0,0,1,0
2013-09-01,245.5,104.67,95.77,3.62,203.9,839.0,12010.0,93.470565,105.84333333333332,6.576419745322714,87.81813000000001,213.42213,3.847698,72.76264591439687,0,0,0,0
2013-10-01,245.8,106.57,104.67,3.68,202.5,880.0,12033.0,92.49926818181818,104.46666666666664,5.314923956809783,93.7816,215.80425,3.699872000000001,72.0,0,0,0,0
2013-11-01,247.9,106.29,106.57,3.64,201.2,917.0,12054.0,93.37366842105264,100.23,5.48708179879529,97.46793,213.85548,3.416504,83.40248962655602,0,0,0,0
2013-12-01,247.7,100.54,106.29,4.24,202.0,850.0,12060.0,93.53402,97.34333333333332,5.155845873052314,85.459,203.09080000000003,4.139512,80.64516129032252,0,0,0,0
2014-01-01,250.6,93.86,100.54,4.71,203.8,925.0,12058.0,94.46474761904764,95.37,5.572099843566199,86.8205,191.28668,4.456602,83.60655737704919,0,0,0,0
2014-02-01,253.8,97.63,93.86,6.0,205.7,1100.0,12084.0,94.64558235294118,97.69,4.610843740575444,107.393,200.82491,6.0492,86.44688644688641,0,0,0,0
2014-03-01,256.6,94.62,97.63,4.9,207.0,1002.0,12096.0,94.44082105263158,98.74666666666668,3.1916375107464274,94.80924,195.8634,4.9392000000000005,84.77366255144031,0,0,1,0
2014-04-01,257.5,100.82,94.62,4.66,208.3,888.0,12109.0,93.99555,101.23,3.479028600055433,89.52815999999999,210.00806,4.756462,82.21153846153841,0,0,1,0
2014-05-01,257.3,100.8,100.82,4.58,208.0,944.0,12120.0,93.67002857142856,101.68333333333334,2.9773119867878286,95.1552,209.664,4.679844,78.33333333333334,0,0,1,0
2014-06-01,255.2,102.07,100.8,4.59,208.3,970.0,12146.0,93.82740476190476,103.34666666666664,3.6399212445698086,99.0079,212.61181,4.855761,74.60317460317447,0,0,1,0
2014-07-01,257.1,102.18,102.07,4.05,208.0,1043.0,12165.0,93.6038590909091,103.85333333333334,1.8974447730226005,106.57374,212.53440000000003,4.195395,82.05128205128199,0,0,1,0
2014-08-01,259.4,105.79,102.18,3.91,207.0,1007.0,12182.0,94.58080952380952,101.97333333333334,3.0985249178715177,106.53053,218.9853,3.774714,83.33333333333321,0,0,1,0
2014-09-01,261.7,103.59,105.79,3.92,206.4,911.0,12201.0,96.12086666666669,97.78000000000002,4.724852025902037,94.37049,213.80976,3.653832,88.78923766816132,0,0,0,0
2014-10-01,263.0,96.54,103.59,3.78,203.4,1085.0,12233.0,97.43960454545454,91.38333333333333,7.982058422905097,104.7459,196.36236,3.19032,89.08296943231431,0,0,0,0
2014-11-01,259.7,93.21,96.54,4.12,200.9,984.0,12260.0,99.11468888888888,84.46666666666665,11.473112916728525,91.71864,187.25889,3.1225480000000005,77.51937984496115,0,0,0,0
2014-12-01,252.4,84.4,93.21,3.48,197.0,1023.0,12266.0,101.44413333333333,73.16000000000001,16.068768465567043,86.34120000000001,166.26800000000003,2.063292,60.06097560975608,0,0,0,0
2015-01-01,243.2,75.79,84.4,2.99,192.0,1074.0,12265.0,103.76074,60.76666666666667,19.473872496244823,81.39846,145.5168,1.4118780000000002,44.110275689223045,0,0,0,0
2015-02-01,237.3,59.29,75.79,2.87,191.1,1001.0,12275.0,105.16853888888888,52.36333333333334,18.842949609867333,59.34929,113.30319,1.451646,38.59649122807021,0,0,0,0
2015-03-01,230.2,47.22,59.29,2.83,191.5,1073.0,12286.0,107.36473809523812,48.54,15.756080730943156,50.66706,90.4263,1.353306,29.518072289156635,0,0,1,0
2015-04-01,229.4,50.58,47.22,2.61,190.9,1085.0,12291.0,106.35228181818182,50.95000000000001,10.752929678309265,54.87929999999999,96.55722,1.421145,24.26160337552743,0,0,1,0
2015-05-01,230.3,47.82,50.58,2.85,193.4,886.0,12306.0,105.40651499999998,53.84666666666666,5.422371252505402,42.36852,92.48388,1.6891950000000002,21.09890109890108,0,0,1,0
2015-06-01,231.5,54.45,47.82,2.78,194.8,960.0,12307.0,106.17898636363635,57.84666666666667,5.546183071866966,52.272,106.0686,1.662996,21.61572052401748,0,0,1,0
2015-07-01,230.5,59.27,54.45,2.84,193.9,1190.0,12323.0,108.1235681818182,56.66333333333333,4.921835700901016,70.5313,114.92453000000002,1.4455599999999995,21.24463519313304,0,0,1,0
2015-08-01,227.7,59.82,59.27,2.77,191.9,1079.0,12318.0,109.9767476190476,51.19666666666666,6.6394921994579965,64.54578,114.79458,1.187499,20.93023255813955,0,0,1,0
2015-09-01,221.3,50.9,59.82,2.66,189.1,1205.0,12326.0,110.85125714285716,46.41666666666666,7.028244209378579,61.3345,96.2519,1.209768,15.444015444015406,0,0,0,0
2015-10-01,218.9,42.87,50.9,2.34,187.5,1146.0,12334.0,109.90357142857142,44.85666666666666,7.283754526341249,49.12902,80.38125,1.081548,10.982658959537602,0,0,0,0
2015-11-01,217.7,45.48,42.87,2.09,185.7,1130.0,12329.0,111.6916105263158,44.71333333333333,6.555296331974333,51.3924,84.45635999999999,0.8869959999999999,6.69291338582677,0,0,0,0
2015-12-01,218.1,46.22,45.48,1.93,183.5,1224.0,12333.0,112.7857409090909,41.95,4.574138898925368,56.57328,84.81369999999998,0.7177669999999999,5.01002004008015,0,0,0,0
2016-01-01,215.0,42.44,46.22,2.28,182.6,1058.0,12354.0,115.2343875,37.10333333333333,5.554554887657065,44.90152,77.49543999999999,0.7223039999999998,5.030181086519107,0,0,0,0
2016-02-01,216.3,37.19,42.44,1.99,181.3,1172.0,12337.0,114.281735,33.06333333333333,6.900412789584498,43.58668,67.42546999999999,0.603368,8.695652173913075,0,0,0,0
2016-03-01,213.5,31.68,37.19,1.73,182.1,1146.0,12313.0,111.89339130434782,33.18333333333333,6.098175683486096,36.30528,57.68928,0.649615,10.187667560321742,0,0,1,0
2016-04-01,213.7,30.32,31.68,1.92,183.2,1092.0,12325.0,110.0170761904762,36.20666666666667,4.820899293699701,33.10944,55.54624,0.7824,12.658227848101248,0,0,1,0
2016-05-01,216.7,37.55,30.32,1.92,185.3,1225.0,12303.0,111.14051428571427,41.67,6.013373983601972,45.99875,69.58015,0.896832,25.454545454545453,0,0,1,0
2016-06-01,219.5,40.75,37.55,2.59,187.6,1111.0,12321.0,111.55962727272728,45.406666666666666,7.5930145528633535,45.27325,76.447,1.262884,33.22033898305085,0,0,1,0
2016-07-01,219.3,46.71,40.75,2.82,187.7,1163.0,12342.0,112.47729,46.70666666666667,6.795886010422898,54.323730000000005,87.67466999999999,1.25913,30.902777777777786,0,0,1,0
2016-08-01,220.1,48.76,46.71,2.82,186.6,1148.0,12319.0,111.4383695652174,46.04333333333333,4.073925216135172,55.97648,90.98616,1.2611039999999998,29.92957746478872,0,0,1,0
2016-09-01,221.0,44.65,48.76,2.99,186.9,1203.0,12317.0,112.31686190476192,44.85,2.655510622585078,53.71395,83.45084999999999,1.350882,33.21554770318022,0,0,0,0
2016-10-01,225.6,44.72,44.65,2.98,186.7,1239.0,12316.0,113.474695,46.56,2.1971223604211065,55.40808,83.49224,1.483444,46.51162790697676,0,0,0,0
2016-11-01,223.1,45.18,44.72,2.55,186.3,1171.0,12311.0,116.107515,46.873333333333335,2.231344139002854,52.90578,84.17034,1.16433,53.43511450381676,0,0,0,0
2016-12-01,218.4,49.78,45.18,3.59,188.2,1068.0,12324.0,117.90482857142858,49.13666666666666,3.1067002859404496,53.16504,93.68596,1.865723,49.122807017543856,0,0,0,0
2017-01-01,220.5,45.66,49.78,3.3,190.7,1313.0,12334.0,117.7857789473684,50.04333333333333,3.544564383201787,59.95157999999999,87.07361999999999,1.7325,54.7619047619048,0,0,0,0
2017-02-01,225.2,51.97,45.66,2.85,191.6,1140.0,12350.0,116.1203894736842,52.64666666666667,3.576104025332066,59.2458,99.57452,1.523895,60.534124629080125,0,0,0,0
2017-03-01,232.3,52.5,51.97,2.88,191.5,1252.0,12361.0,115.65584782608695,51.76666666666667,2.83833343119919,65.73,100.5375,1.4207039999999995,72.94429708222813,0,0,1,0
2017-04-01,235.8,53.47,52.5,3.1,193.0,1190.0,12367.0,114.769795,51.28666666666667,2.825829081879569,63.62929999999999,103.1971,1.58286,74.43609022556393,0,0,1,0
2017-05-01,234.3,49.33,53.47,3.15,192.8,1271.0,12377.0,114.2591318181818,49.623333333333335,1.9144372541288424,62.69843,95.10824,1.5271199999999998,76.94300518134719,0,0,1,0
2017-06-01,232.8,51.06,49.33,2.98,193.6,1190.0,12390.0,112.76027272727272,48.24,3.013507369604878,60.7614,98.85216,1.346364,73.93483709273187,0,0,1,0
2017-07-01,230.4,48.48,51.06,2.98,193.5,1146.0,12390.0,111.060555,46.76333333333333,2.9936382546988063,55.55808,93.8088,1.389574,67.43002544529264,0,0,1,0
2017-08-01,230.3,45.18,48.48,2.9,193.8,1157.0,12435.0,109.90586086956522,46.616666666666674,2.054624053201949,52.27326,87.55884,1.39316,64.75409836065577,0,0,1,0
2017-09-01,232.9,46.63,45.18,2.98,194.8,1249.0,12443.0,108.854245,48.16333333333333,2.121003693222312,58.24087,90.83524,1.484636,67.43589743589745,0,0,0,0
2017-10-01,237.7,48.04,46.63,2.88,194.9,1206.0,12457.0,110.8891761904762,49.81333333333333,2.2667723014592123,57.93624,93.62996,1.485504,70.46511627906978,0,0,0,0
2017-11-01,239.7,49.82,48.04,3.01,195.9,1159.0,12472.0,111.163525,52.68,4.106270408370942,57.74138,97.59738000000002,1.704864,71.20181405895691,0,0,0,0
2017-12-01,240.2,51.58,49.82,2.82,196.3,1181.0,12501.0,110.87581,55.366666666666674,4.587372886521921,60.91598,101.25154,1.632216,68.25,0,0,0,0
2018-01-01,235.1,56.64,51.58,3.87,197.9,1257.0,12527.0,108.35677619047618,59.406666666666666,5.877615162631594,71.19648,112.09056,2.46519,64.08450704225353,0,0,0,0
2018-02-01,236.4,57.88,56.64,2.67,199.3,1273.0,12551.0,107.6500947368421,61.27,5.551071067820795,73.68124,115.35484,1.661541,72.9591836734694,0,0,0,0
2018-03-01,240.3,63.7,57.88,2.69,199.3,1177.0,12576.0,107.947175,62.88666666666666,4.652309820579881,74.9749,126.9541,1.687437,74.14634146341464,0,0,1,0
2018-04-01,238.3,62.23,63.7,2.8,200.3,1299.0,12595.0,107.94335714285714,63.73666666666666,3.637072540748163,80.83676999999999,124.64669,1.855,67.10182767624023,0,0,1,0
2018-05-01,241.9,62.73,62.23,2.8,203.2,1277.0,12623.0,111.04704090909092,66.32000000000001,4.070895478883968,80.10620999999999,127.46736,1.95944,63.793103448275865,0,0,1,0
2018-06-01,243.8,66.25,62.73,2.97,204.2,1318.0,12656.0,112.84441904761906,68.03333333333335,3.093412355312197,87.3175,135.2825,2.0157390000000004,62.048192771084345,0,0,1,0
2018-07-01,248.5,69.98,66.25,2.83,204.3,1276.0,12676.0,113.05953333333332,69.61000000000001,3.643781918098964,89.29448000000001,142.96914000000004,2.008734,69.5054945054945,0,0,1,0
2018-08-01,252.3,67.87,69.98,2.96,203.4,1357.0,12688.0,113.8316304347826,68.97000000000001,2.9291824798053105,92.09959,138.04758,2.014576,75.19379844961242,0,0,1,0
2018-09-01,250.2,70.98,67.87,3.0,203.6,1192.0,12710.0,114.07866315789474,69.75666666666667,1.791677984459955,84.60816,144.51528,2.1069,75.78124999999997,0,0,0,0
2018-10-01,251.2,68.06,70.98,3.28,204.6,1208.0,12731.0,114.83125909090909,69.68,1.35059616466157,82.21647999999999,139.25076,2.3206,76.59033078880404,0,0,0,0
2018-11-01,246.7,70.23,68.06,4.09,202.3,1288.0,12741.0,116.169045,65.98,5.322859194079659,90.45624,142.07529000000002,2.329664,66.74757281553396,0,0,0,0
2018-12-01,242.4,70.75,70.23,4.04,201.0,1250.0,12761.0,116.2118052631579,59.07666666666668,9.030722377897836,88.4375,142.2075,2.000608,55.77395577395579,0,0,0,0
2019-01-01,235.9,56.96,70.75,3.11,199.1,1221.0,12790.0,114.44249,52.620000000000005,9.701756541987526,69.54816000000001,113.40735999999998,1.597918,45.796460176991175,0,0,0,0
2019-02-01,230.8,49.52,56.96,2.69,199.2,1181.0,12782.0,114.41300555555556,51.95,9.30233250319497,58.48312,98.64384,1.478155,40.56224899598397,0,0,0,0
2019-03-01,226.6,51.38,49.52,2.95,200.8,1095.0,12788.0,114.78351904761904,54.82666666666668,7.511456361230095,56.261100000000006,103.17104,1.7154250000000002,41.30879345603272,0,0,1,0
2019-04-01,225.0,54.95,51.38,2.65,202.1,1226.0,12785.0,114.90375454545456,58.98666666666667,5.12891671473265,67.3687,111.05395,1.6922899999999998,38.414634146341456,0,0,1,0
2019-05-01,227.4,58.15,54.95,2.64,201.7,1121.0,12778.0,115.95738181818182,60.94666666666666,5.531044807869848,65.18615,117.28855,1.6059120000000002,36.47798742138365,0,0,1,0
2019-06-01,223.9,63.86,58.15,2.4,200.3,1191.0,12787.0,115.42707,59.78333333333333,4.555334235816008,76.05726,127.91158,1.31184,35.365853658536594,0,0,1,0
2019-07-01,223.9,60.83,63.86,2.37,200.7,1272.0,12790.0,115.0775909090909,57.61333333333334,3.5415138006222,77.37576,122.08580999999998,1.359195,30.26315789473685,0,0,1,0
2019-08-01,224.7,54.66,60.83,2.22,199.2,1293.0,12789.0,117.10038636363636,55.60666666666666,3.568359100015604,70.67537999999999,108.88272,1.2167820000000005,28.539325842696613,0,0,1,0
2019-09-01,224.2,57.35,54.66,2.56,198.4,1243.0,12787.0,117.32392,56.370000000000005,3.610261301715453,71.28605,113.7824,1.45792,19.85111662531017,0,0,0,0
2019-10-01,224.6,54.81,57.35,2.33,198.6,1240.0,12733.0,116.74625909090908,55.24000000000001,2.5430270676231594,67.96440000000001,108.85266,1.257268,12.466124661246596,0,0,0,0
2019-11-01,222.0,56.95,54.81,2.65,199.0,1375.0,12777.0,116.55946842105264,55.98,1.4766809630600686,78.30625,113.3305,1.511295,12.299465240641709,0,0,0,0
2019-12-01,217.3,53.96,56.95,2.22,199.0,1311.0,12760.0,115.90961,56.95666666666667,2.087004232545797,70.74155999999999,107.3804,1.329336,8.759124087591232,0,0,0,0
2020-01-01,216.8,57.03,53.96,2.02,199.3,1325.0,12745.0,115.27938571428572,58.14333333333334,2.0993086163458847,75.56475,113.66079000000002,1.161904,9.703504043126683,0,0,0,0
2020-02-01,220.9,59.88,57.03,1.91,196.7,1353.0,12743.0,116.71054210526316,55.98,3.264934915124246,81.01764,117.78396,0.965314,20.86720867208669,0,0,0,0
2020-03-01,220.1,57.52,59.88,1.79,193.1,1548.0,12684.0,121.02274090909091,45.75666666666667,11.320244991459496,89.04096000000001,111.07112,0.5228590000000001,24.679487179487158,1,0,1,0
2020-04-01,207.9,50.54,57.52,1.74,185.5,1581.0,11382.0,123.28034545454544,32.1,17.9566983787851,79.90374,93.7517,0.28797,20.104438642297623,1,0,1,0
2020-05-01,201.5,29.21,50.54,1.75,188.6,1549.0,11610.0,122.61501,24.77333333333333,17.94215891877739,45.24629,55.09006,0.4997999999999999,19.012345679012327,1,0,1,0
2020-06-01,202.4,16.55,29.21,1.63,191.2,1266.0,11950.0,119.67660454545454,27.80666666666667,15.204948426964911,20.9523,31.643600000000003,0.624453,21.608040201005025,1,0,1,0
2020-07-01,206.3,28.56,16.55,1.76,193.0,936.0,11973.0,118.69005,35.86000000000001,11.783120130084216,26.73216,55.1208,0.716496,24.45520581113801,1,0,1,0
2020-08-01,212.1,38.31,28.56,2.3,194.3,1039.0,11999.0,116.94534761904762,40.45333333333334,9.784262193270502,39.80409,74.43633000000001,0.97382,36.46788990825685,1,0,1,0
2020-09-01,214.1,40.71,38.31,1.92,195.5,1266.0,12057.0,116.34313333333334,40.89333333333334,9.982122018889369,51.53886,79.58805000000001,0.760896,39.25438596491226,1,0,0,0
2020-10-01,223.7,42.34,40.71,2.39,196.5,1526.0,12086.0,115.77981428571428,40.45666666666667,4.896036832649744,64.61084000000001,83.19810000000001,0.94166,49.08088235294117,0,0,0,0
2020-11-01,224.7,39.63,42.34,2.61,198.3,1396.0,12118.0,114.0984,39.99,1.4086506545851207,55.32348,78.58629,1.068534,50.45537340619308,0,0,0,0
2020-12-01,229.7,39.4,39.63,2.58,200.5,1473.0,12153.0,111.89921428571428,42.45333333333333,2.8227764110292557,58.0362,78.997,1.213116,54.285714285714285,0,0,0,0
2021-01-01,237.7,40.94,39.4,2.71,204.8,1543.0,12142.0,111.48727222222222,46.653333333333336,4.986147811687562,63.17042,83.84512000000001,1.4091999999999998,62.095531587057,0,1,0,0
2021-02-01,249.9,47.02,40.94,5.35,210.6,1543.0,12172.0,112.01705263157896,52.68666666666667,7.951549324921749,72.55186,99.02412,3.15864,72.51381215469613,0,1,0,0
2021-03-01,274.0,52.0,47.02,2.62,215.0,1614.0,12229.0,113.33664347826088,57.79,9.391333061214675,83.928,111.8,1.633046,79.79166666666666,0,1,1,0
2021-04-01,289.7,59.04,52.0,2.66,217.9,1624.0,12193.0,112.63228636363635,61.03,8.68933234872876,95.88096,128.64816000000002,1.641752,81.97026022304831,0,1,1,0
2021-05-01,298.5,62.33,59.04,2.91,224.9,1398.0,12216.0,111.21227,63.07333333333333,6.950565444623748,87.13734,140.18017,1.896447,83.91003460207614,0,1,1,0
2021-06-01,311.4,61.72,62.33,3.26,228.9,1688.0,12247.0,111.57769545454543,66.08999999999999,6.433670802893015,104.18336,141.27708,2.326988,94.49699054170247,0,1,1,0
2021-07-01,320.153,65.17,61.72,3.84,231.85,1489.0,12305.0,113.06331904761906,69.67999999999999,5.467835952184223,97.03813,151.096645,2.7836159999999994,96.03485780634846,0,1,1,0
2021-08-01,326.872,71.38,65.17,4.07,233.415,1600.0,12353.0,113.40253636363636,70.52333333333333,4.530048196947264,114.208,166.61162699999997,2.75539,97.57272507099445,0,1,1,0
2021-09-01,325.79,72.49,71.38,5.16,235.678,1664.0,12393.0,113.4437476190476,70.61333333333333,4.282575938225183,120.62336,170.84298219999997,3.697140000000001,99.11059233564043,0,1,0,0
2021-10-01,326.733,67.7,72.49,5.51,240.465,1600.0,12453.0,114.063485,73.61000000000001,5.567767056908806,108.32,162.79480500000005,4.489548,99.07360634262866,0,1,0,0
2021-11-01,323.232,71.65,67.7,5.05,243.287,1596.0,12498.0,114.989795,77.42666666666668,5.231178643479799,114.3534,174.31513550000005,3.9970750000000006,96.12588547566318,0,1,0,0
2021-12-01,313.849,81.48,71.65,3.76,241.338,1576.0,12537.0,115.8045380952381,77.44666666666667,5.200080768603423,128.41248000000002,196.6422024,2.696296,88.17252563917988,0,1,0,0
2022-01-01,304.44,79.15,81.48,4.38,246.453,1587.0,12564.0,115.03728,78.02666666666667,6.294440139255117,125.61105,195.0675495,3.645036,81.52027828286822,0,1,0,0
2022-02-01,304.632,71.71,79.15,4.69,252.66,1707.0,12601.0,114.99774210526316,82.19,7.576240272501017,122.40896999999998,181.182486,4.297916,80.79009220755741,0,1,0,0
2022-03-01,304.748,83.22,71.71,4.9,260.014,1711.0,12674.0,116.29083913043478,94.45333333333332,12.785382278211316,142.38941999999997,216.3836508,5.316500000000001,79.45921720944129,0,1,1,0
2022-04-01,316.927,91.64,83.22,6.6,265.31,1693.0,12726.0,117.16879523809524,100.64,13.99468708712942,155.14651999999998,243.130084,6.717479999999999,79.45542596482593,0,1,1,0
2022-05-01,322.403,108.5,91.64,8.14,273.251,1730.0,12735.0,119.69619047619048,106.61,15.034912703437978,187.705,296.477335,8.91737,75.43430054753922,0,1,1,0
2022-06-01,326.29,101.78,108.5,7.7,280.251,1700.0,12767.0,120.02570952380954,108.72333333333334,12.02636839061019,173.026,285.2394678,8.84268,71.95224382049437,0,1,1,0
2022-07-01,319.83,109.55,101.78,7.28,272.274,1807.0,12800.0,122.7512,108.67,8.11598854114528,197.95685,298.276167,7.397936,63.16666666666664,0,1,1,0
2022-08-01,309.932,114.84,109.55,8.81,269.546,1546.0,12832.0,122.31775217391304,103.37666666666668,7.48250671009844,177.54264,309.5466264,8.252327000000001,49.05895022949309,0,1,1,0
2022-09-01,306.825,101.62,114.84,7.88,267.898,1556.0,12849.0,125.5946,93.18333333333334,10.950655992527022,158.12072,272.23794760000004,6.639688,40.78947368421051,0,1,0,0
2022-10-01,299.731,93.67,101.62,5.66,265.061,1382.0,12883.0,127.480605,88.49333333333334,12.2049291954795,129.45194,248.2826387,4.95533,31.340492526846973,0,1,0,0
2022-11-01,283.819,84.26,93.67,5.45,263.157,1532.0,12896.0,124.85272,85.39333333333333,12.00663608176749,129.08632,221.7360882,4.598165,26.03218474822117,0,1,0,0
2022-12-01,280.446,87.55,84.26,5.53,257.897,1481.0,12895.0,122.23432857142858,82.78666666666668,8.702327849489503,129.66155,225.7888235,4.227132,24.281285074510777,0,1,0,0
2023-01-01,275.754,84.37,87.55,3.27,260.227,1446.0,12903.0,119.810065,79.64333333333333,6.293105486694701,121.99902,219.5535199,2.554524,23.96411415034329,0,0,0,0
2023-02-01,281.969,76.44,84.37,2.38,258.669,1434.0,12898.0,120.30837368421054,77.13,4.710691739720048,109.61496,197.7265836,1.828554,31.888421770253387,0,0,0,0
2023-03-01,284.482,78.12,76.44,2.31,257.062,1296.0,12888.0,120.74501304347824,76.07666666666667,5.395862921411784,101.24352,200.8168344,1.692768,37.69756145671526,0,0,1,0
2023-04-01,289.072,76.83,78.12,2.16,256.908,1358.0,12884.0,119.245145,76.52,3.707686160756651,104.33514,197.3824164,1.7161200000000003,40.90186172700907,0,0,1,0
2023-05-01,285.861,73.28,76.83,2.15,253.67,1395.0,12869.0,119.62925454545456,74.77,2.9731868424301,102.2256,185.889376,1.53897,39.342264155202194,0,0,1,0
2023-06-01,280.39,79.45,73.28,2.18,253.86,1366.0,12875.0,119.29695238095238,73.76,3.7433429801002736,108.5287,201.69177,1.5314500000000002,27.693866835980884,0,0,1,0
2023-07-01,270.722,71.58,79.45,2.55,253.835,1343.0,12862.0,118.049165,72.63333333333333,3.476732182188605,96.13194,181.695093,1.939785,19.984667386834843,0,0,1,0
2023-08-01,267.608,70.25,71.58,2.58,257.68,1609.0,12861.0,119.85634782608696,75.90333333333332,4.434337229695779,113.03225,181.0202,2.099862,15.609836142431831,0,0,1,0
2023-09-01,267.261,76.07,70.25,2.64,258.934,1420.0,12872.0,121.64553,82.29666666666667,7.060290126238894,108.0194,196.9710938,2.360952,16.81459503819204,0,0,0,0
2023-10-01,266.048,81.39,76.07,2.98,255.192,1464.0,12837.0,123.4971476190476,85.48666666666668,7.730055627225454,119.15496,207.7007688,2.552072,18.88542257515597,0,0,0,0
2023-11-01,266.482,89.43,81.39,2.71,252.856,1321.0,12859.0,121.22212,84.25333333333334,6.906131816485021,118.13703,226.1291208,2.105399,20.269134965436947,0,0,0,0
2023-12-01,265.438,85.64,89.43,2.52,249.866,1369.0,12872.0,119.83314,78.41,6.454588032296617,117.24116,213.98524240000003,1.81188,22.25350745181805,0,0,0,0
2024-01-01,262.312,77.69,85.64,3.18,251.306,1380.0,12875.0,120.22735714285714,74.58,6.750237526685017,107.2122,195.2396314,2.3579700000000003,28.05900716165759,0,0,0,0
2024-02-01,267.951,71.9,77.69,1.72,254.926,1522.0,12852.0,121.06594,74.43333333333334,6.795267961358594,109.4318,183.291794,1.3287,37.81617489322699,0,0,0,0
2024-03-01,265.417,74.15,71.9,1.49,255.095,1504.0,12836.0,120.65883333333332,77.56,4.935944691748454,111.5216,189.1529425,1.211072,39.47759522791585,0,0,1,0
2024-04-01,268.226,77.25,74.15,1.6,256.978,1378.0,12833.0,122.14281363636364,81.29333333333334,4.846605685081713,106.4505,198.515505,1.3656,34.96817097980886,0,0,1,0
2024-05-01,267.898,81.28,77.25,2.12,255.313,1555.0,12825.0,121.8583409090909,82.21666666666665,4.915741042813357,126.3904,207.5184064,1.6964240000000002,30.950192979231787,0,0,1,0
2024-06-01,267.287,85.35,81.28,2.54,255.914,1297.0,12814.0,123.7094789473684,81.71333333333332,3.7764304133224216,110.69895,218.422599,2.026158,22.45821638979501,0,0,1,0
2024-07-01,271.484,80.02,85.35,2.07,257.321,1379.0,12806.0,123.38243636363636,80.52999999999999,2.6881176809557066,110.34758,205.9082642,1.69326,32.26594301221172,0,0,1,0
2024-08-01,270.614,79.77,80.02,1.99,255.463,1329.0,12772.0,122.61374090909092,79.41666666666667,2.8486815663858724,106.01433,203.7828351,1.5259320000000005,36.397283909389465,0,0,1,0
2024-09-01,263.854,81.8,79.77,2.28,252.682,1318.0,12758.0,121.884855,76.24,5.136390431681234,107.8124,206.693876,1.6014719999999998,39.60213165384854,0,0,0,0
2024-10-01,267.158,76.68,81.8,2.2,253.081,1269.0,12697.0,123.5952909090909,72.97000000000001,4.698050659582088,97.30692000000002,194.0625108,1.5837800000000002,49.32261560693644,0,0,0,0
2024-11-01,265.272,70.24,76.68,2.12,253.211,1394.0,12711.0,126.31133684210526,70.72666666666667,5.079462241878189,97.91456,177.8554064,1.48294,47.13854121709104,0,0,0,0
2024-12-01,263.662,71.99,70.24,3.01,253.423,1357.0,12693.0,127.57578095238097,70.68666666666667,4.8151621641089175,97.69043,182.4392177,2.110612,46.606167501137904,0,0,0,0
2025-01-01,262.691,69.95,71.99,4.13,257.36,1370.0,12673.0,128.83695238095237,71.93666666666667,3.016339945474651,95.8315,180.02332,3.128062,44.68883969850649,0,0,0,0
2025-02-01,269.737,70.12,69.95,4.19,259.498,1300.0,12671.0,127.87583157894736,72.46333333333332,2.1935792668602847,91.156,181.9599976,2.997107,55.1557890192128,0,0,0,0
2025-03-01,272.362,75.74,70.12,4.12,258.525,1494.0,12666.0,126.24304285714284,71.83666666666666,2.5617292336751687,113.15556,195.80683499999995,2.811488,62.19956300072828,0,0,1,0
2025-04-01,270.527,71.53,75.74,3.42,258.392,1353.0,12662.0,124.1402,67.77,4.000138330941311,96.78009,184.82779760000005,2.173068,53.44513989193809,0,0,1,0
2025-05-01,267.258,68.24,71.53,3.12,258.678,1491.0,12651.0,122.3421619047619,64.64999999999999,5.078222786237909,101.74584,176.52186719999995,1.939704,52.4146795729388,0,0,1,0
2025-06-01,265.103,63.54,68.24,3.02,260.491,1346.0,12636.0,120.59387,64.62666666666667,5.020228746448303,85.52484,165.5159814,2.058734,45.83233245255828,0,0,1,0
2025-07-01,264.631,62.17,63.54,3.2,262.358,1400.0,12625.0,120.11269090909092,66.24333333333334,3.483094409668776,87.038,163.1079686,2.18848,45.65685570710692,0,0,1,0
2025-08-01,263.078,68.17,62.17,2.91,262.11,1289.0,12615.0,120.57584285714286,67.14,2.7346864536906588,87.87113000000001,178.680387,1.887426,44.54128083417636,0,0,1,0
2025-09-01,259.393,68.39,68.17,2.97,262.054,1379.0,12612.0,120.0290619047619,65.73666666666666,2.5528291495252606,94.30981,179.2187306,1.8996120000000003,34.10793617412797,0,0,0,0
2025-10-01,259.307,64.86,68.39,3.19,260.591,1432.0,12603.0,120.7618,63.23666666666666,3.070426680446743,92.87952,169.0193226,1.942391,34.82567034382811,0,0,0,0
2025-11-01,257.278,63.96,64.86,3.79,261.914,1291.0,12593.0,121.41771666666666,61.63666666666666,3.5126367114556363,82.57236,167.5201944,2.2762740000000004,39.89116399188351,0,0,0,0
2025-12-01,253.552,60.89,63.96,4.26,261.333,1319.0,12580.0,120.18832272727272,59.63999999999999,3.774839952457042,80.31391,159.12566370000002,2.469522,29.35231273521917,0,0,0,0
2026-01-01,252.962,60.06,60.89,7.72,263.608,1273.0,12582.0,119.22981,59.35666666666666,2.612712511292796,76.45638000000001,158.32296480000002,4.635088,30.554151396436296,0,0,0,1
2026-02-01,258.5,57.97,60.06,3.62,269.553,1319.0,12583.0,117.90602105263156,60.84,2.5194873817238923,76.46243,156.2598741,2.335262,42.74592467678476,0,0,0,1
2026-03-01,263.464,60.04,57.97,3.04,275.979,1378.0,12598.0,119.91985454545456,71.97666666666667,12.70859774588313,82.73512,165.6977916,2.7779519999999995,50.97667601647591,0,0,1,1
2026-04-01,279.264,64.51,60.04,2.77,282.7,1385.0,12598.0,119.03631818181816,85.40333333333332,18.521806607347976,89.34635,182.36977,2.778864,59.85680882322509,0,0,1,1
2026-05-01,319.371,91.38,64.51,2.94,292.504,1346.0,12605.0,118.779185,97.94333333333331,20.753726813916234,122.99748,267.2901552,3.002622,77.39164889463805,0,0,1,1
2026-06-01,319.371,100.32,91.38,2.94,292.504,1522.0,12605.0,119.63707857142856,97.94333333333331,20.753726813916234,152.68703999999997,267.2901552,3.002622,77.39164889463805,0,0,1,1
